date,pressure,wind_speed,wind_direction,lat,lon
2023-01-15 13:09:51.600,836.67194,13.850541,89.841125,11.282488847771113,-84.9542597690029
2023-01-15 13:09:51.600,864.47284,12.971143,86.617615,11.23513915212779,-84.867370422023
2023-01-15 13:09:51.600,800.58,14.822857,97.87353,11.248713595349038,-84.7877721026583
2023-01-15 13:09:51.600,762.64954,4.6464663,77.22412,11.228451279819812,-83.67254796472655
2023-01-15 13:09:51.600,713.3659,10.628436,39.7069,11.252542623290925,-82.87723113257763
2023-01-15 13:09:51.600,797.5154,13.754725,60.64264,11.096990392337874,-83.57875055061092
2023-01-15 13:09:51.600,820.67163,9.075008,64.9156,11.036249952228813,-83.5859725190047
2023-01-15 13:09:51.600,745.8081,8.4603195,48.934116,11.051075461862702,-82.79123381233663
2023-01-15 13:09:51.600,815.7323,10.236743,59.41132,11.008128977506123,-83.57092742860675
2023-01-15 13:09:51.600,943.8702,10.262422,15.27451,10.99844866825018,-83.50501719222225
2023-01-15 13:09:51.600,945.8512,10.754946,19.399708,10.965172129978642,-83.3915103504161
2023-01-15 13:09:51.600,755.8314,10.919803,47.913143,10.912750537082376,-83.17924735794749
2023-01-15 13:09:51.600,794.889,12.323535,51.205612,10.939692077611696,-82.9511374808719
2023-01-15 13:09:51.600,969.6644,10.210412,5.646397,10.878367976233257,-82.81842240619397
2023-01-15 13:09:51.600,996.4599,10.190332,7.3590703,10.836217424148773,-82.78909025224954
2023-01-15 13:09:51.600,997.5496,8.575967,3.5622847,10.746072642616037,-82.45526335426919
2023-01-15 13:09:51.600,993.8098,7.635826,17.624172,10.796762527790346,-82.30768796561864
2023-01-15 13:09:51.600,962.541,10.205369,16.744482,10.712791007657923,-83.34089409256684
2023-01-15 13:09:51.600,997.5496,8.584457,3.4057539,10.722664912160583,-82.43593262181312
2023-01-15 13:09:51.600,888.8821,6.826883,12.309683,10.666177417959195,-82.31319589830674
2023-01-15 13:09:51.600,978.6272,9.3932085,20.062618,10.650278463426204,-82.94190341467628
2023-01-15 13:09:51.600,946.1256,5.6186476,10.658541,10.5033106237471,-82.37831077901822
2023-01-15 13:09:51.600,870.1817,8.968913,16.676224,10.382990231770073,-82.56564167441654
2023-01-15 13:09:51.600,870.1817,8.953306,16.692165,10.359626273526109,-82.54634467792692
2023-01-15 13:09:51.600,895.00323,5.7125587,20.247154,10.200427902409569,-82.3139547670939
2023-01-15 13:09:51.600,732.6619,6.152192,22.497469,10.070548248273482,-82.3986490139433
2023-01-15 13:09:51.600,969.5812,4.3824215,42.806015,9.343120297020898,-84.82869109136794
2023-01-15 13:09:51.600,914.58966,7.6708345,61.468185,9.013886139776018,-85.73156642635932
2023-01-15 13:09:51.600,972.6799,4.815607,209.29288,8.78767165326331,-83.89634463929836
2023-01-15 13:09:51.600,972.6799,4.8418384,209.8471,8.759898678558278,-83.89088602892903
2023-01-15 13:09:51.600,888.0253,4.5168076,280.0097,8.519847873119685,-83.96773541247371
2023-01-15 13:09:51.600,888.0253,4.5166173,280.009,8.505966657392891,-83.96269098967655
2023-01-15 13:09:51.600,972.87244,3.7056625,237.38431,8.320218775974528,-84.81899496885674
2023-01-15 13:09:51.600,972.87244,3.6657796,237.50067,8.301661269791827,-84.7997685470486
2023-01-15 13:09:51.600,917.8951,4.3273625,254.65678,8.268503917123951,-83.45935720680696
2023-01-15 13:09:51.600,917.5054,3.2651076,260.4895,8.296038043664613,-83.4183379530096
2023-01-15 13:09:51.600,908.8393,3.12319,253.46268,8.036972336378108,-83.20795777804976
2023-01-15 13:09:51.600,925.8442,3.5837965,264.2965,8.01425219997897,-83.30000023082563
2023-01-15 13:09:51.600,908.8393,3.179549,252.95897,8.018449819171568,-83.18436091178354
2023-01-15 13:09:51.600,987.17017,4.18274,23.489758,7.993207464943481,-82.5365992144126
2023-01-15 13:09:51.600,986.3693,7.7890162,25.160948,8.011401286048873,-82.46314182962381
2023-01-15 13:09:51.600,974.2665,6.293259,17.178375,7.92916689551202,-82.6783093096366
2023-01-15 14:09:51.600000,757.4406127929688,5.7058844566345215,21.43918228149414,11.292130520600097,-82.33189567363029
2023-01-15 14:09:51.600000,818.2407836914062,14.54642105102539,94.43024444580078,11.256492231253008,-85.297899529413
2023-01-15 14:09:51.600000,735.1240844726562,5.387353897094727,25.58178329467773,11.27335250932868,-82.3173170786206
2023-01-15 14:09:51.600000,757.4406127929688,5.357319355010986,26.012645721435547,11.273331764157016,-82.31264955695808
2023-01-15 14:09:51.600000,867.0588989257812,14.332706451416016,90.22101593017578,11.167120584912649,-85.23262898874972
2023-01-15 14:09:51.600000,767.0792236328125,7.52941083908081,53.0298957824707,11.166579031522886,-83.46875046480498
2023-01-15 14:09:51.600000,733.410888671875,7.346926689147949,29.68332862854004,11.185546315579067,-82.55266164559761
2023-01-15 14:09:51.600000,779.99169921875,9.022714614868164,49.34329605102539,11.120496283914624,-83.60301997821405
2023-01-15 14:09:51.600000,738.0524291992188,11.645326614379885,62.55389404296875,11.090482441459512,-83.21327618922143
2023-01-15 14:09:51.600000,763.3087158203125,7.8443708419799805,64.50025177001953,11.056605081562742,-82.97363805269482
2023-01-15 14:09:51.600000,710.298095703125,9.41587734222412,42.13476943969727,11.037075743108712,-82.79545627855194
2023-01-15 14:09:51.600000,926.8265380859376,8.761710166931152,28.30288887023925,11.035737974709589,-82.50133025152414
2023-01-15 14:09:51.600000,926.8265380859376,8.74947738647461,28.382488250732425,11.035717164216578,-82.49666418797939
2023-01-15 14:09:51.600000,745.3974609375,7.147173404693604,58.44437789916992,10.956527158202304,-83.53165383793956
2023-01-15 14:09:51.600000,981.7963256835938,8.413722038269043,47.75358963012695,10.946930628482678,-82.48928162873662
2023-01-15 14:09:51.600000,788.7103881835938,9.028960227966309,54.08823013305664,10.891774861308258,-83.66052158796364
2023-01-15 14:09:51.600000,752.1845092773438,8.028088569641113,60.38332748413086,10.91835493571974,-83.37119358312813
2023-01-15 14:09:51.600000,976.3125,7.890270709991455,23.997970581054688,10.933626140031826,-82.64747568383584
2023-01-15 14:09:51.600000,981.7963256835938,8.403704643249512,47.90606689453125,10.928330837560589,-82.50736890807337
2023-01-15 14:09:51.600000,790.3678588867188,5.841115474700928,20.84567070007324,10.596201123789964,-83.34638364318599
2023-01-15 14:09:51.600000,974.49560546875,6.766412258148193,18.03826332092285,10.61494323817344,-82.32567920943818
2023-01-15 14:09:51.600000,945.141845703125,7.946944713592529,27.067279815673828,10.52696402661098,-82.46277748289704
2023-01-15 14:09:51.600000,984.7237548828124,6.796544551849365,16.444055557250977,10.453850750960775,-82.79595239171545
2023-01-15 14:09:51.600000,987.229248046875,7.092529296875,8.319924354553223,10.452487827082916,-82.4792292373451
2023-01-15 14:09:51.600000,954.9214477539062,5.831223011016846,13.517289161682127,10.398416376764132,-82.90145331315522
2023-01-15 14:09:51.600000,954.9214477539062,5.796743392944336,14.1302490234375,10.384359398616075,-82.88238304339875
2023-01-15 14:09:51.600000,979.4027709960938,6.23473596572876,19.40255546569824,10.430513962154947,-82.78592769633016
2023-01-15 14:09:51.600000,795.3369750976562,8.955504417419434,3.811602115631104,10.401838523868378,-82.61740143718251
2023-01-15 14:09:51.600000,795.3369750976562,8.999748229980469,3.87579607963562,10.383128524420522,-82.59822992991386
2023-01-15 14:09:51.600000,970.2062377929688,6.651731967926025,17.380325317382812,10.419859259384246,-82.47362966528166
2023-01-15 14:09:51.600000,987.229248046875,7.06926965713501,8.469324111938477,10.44313124065964,-82.4696494367057
2023-01-15 14:09:51.600000,795.3369750976562,8.95933723449707,3.811074733734131,10.378490956405336,-82.6027491772161
2023-01-15 14:09:51.600000,894.2597045898438,4.629719734191895,32.12437438964844,10.321699246449471,-82.38243247645502
2023-01-15 14:09:51.600000,785.8583984375,5.690313816070557,17.98867416381836,10.34488283708844,-82.35983581606082
2023-01-15 14:09:51.600000,892.7784423828125,5.844007015228272,22.168821334838867,10.256817915385223,-82.4503507787891
2023-01-15 14:09:51.600000,795.56689453125,6.464871406555176,13.98448371887207,9.722049125265752,-82.37526603939246
2023-01-15 14:09:51.600000,835.1930541992188,8.680890083312988,21.27774810791016,9.71265785654883,-82.34717818537918
2023-01-15 14:09:51.600000,838.5084228515625,5.060387134552002,91.77281188964844,9.208917419473025,-84.88497342138876
2023-01-15 14:09:51.600000,976.6328125,3.290727376937866,226.5771331787109,9.205268340306215,-84.10924657237867
2023-01-15 14:09:51.600000,983.3685302734376,3.564861297607422,228.7522735595703,9.21910976299936,-84.09568635382011
2023-01-15 14:09:51.600000,830.385986328125,8.958243370056152,127.83480834960938,9.135123366985422,-85.86761691275062
2023-01-15 14:09:51.600000,859.9202270507812,4.394451141357422,81.97602081298828,9.07144214175062,-85.20342280234664
2023-01-15 14:09:51.600000,859.9202270507812,4.522311210632324,83.13626861572266,9.062010222119504,-85.17029892242242
2023-01-15 14:09:51.600000,850.4523315429688,5.004988193511963,125.00375366210938,9.048178951483166,-84.20230205266138
2023-01-15 14:09:51.600000,902.9559326171876,5.205202102661133,61.7404899597168,8.942974342772912,-84.48828757052092
2023-01-15 14:09:51.600000,962.05712890625,5.068102836608887,45.024375915527344,8.925140010141336,-84.63714377577047
2023-01-15 14:09:51.600000,962.05712890625,5.086958885192871,42.80170440673828,8.924924398196362,-84.59043227649512
2023-01-15 14:09:51.600000,960.2029418945312,3.983566284179688,221.1602020263672,8.519127967034555,-83.7910513146664
2023-01-15 14:09:51.600000,993.4284057617188,3.819991588592529,218.2890014648437,8.537460357930877,-83.75438449700792
2023-01-15 14:09:51.600000,997.4757080078124,4.2899699211120605,221.4526214599609,8.250557354381666,-84.72826699689278
2023-01-15 14:09:51.600000,997.4757080078124,4.346634864807129,221.1006317138672,8.236604550413125,-84.70453716856917
2023-01-15 14:09:51.600000,930.5838012695312,4.5717597007751465,76.15803527832031,8.11126759591777,-83.35336710938512
2023-01-15 15:09:51.800000,847.8887329101562,18.294761657714844,93.7817611694336,11.297579128500416,-85.12485514009327
2023-01-15 15:09:51.800000,783.5150146484375,14.209952354431152,85.68339538574219,11.273351177075796,-84.18611653080308
2023-01-15 15:09:51.800000,733.5365600585938,8.051685333251953,45.01887512207031,11.22287988859746,-82.53515752593495
2023-01-15 15:09:51.800000,854.1768798828125,5.932322502136231,19.2410831451416,11.236490278488096,-82.44220415824032
2023-01-15 15:09:51.800000,854.1768798828125,5.978635787963867,19.32210350036621,11.231770348186965,-82.43272118826111
2023-01-15 15:09:51.800000,990.7814331054688,6.187164783477783,13.487804412841797,11.264099271873176,-82.34036811357606
2023-01-15 15:09:51.800000,755.7308959960938,12.70246410369873,97.71476745605467,11.161339982763469,-84.2429139710338
2023-01-15 15:09:51.800000,816.5765380859375,7.84063196182251,41.16326904296875,11.185461390423562,-82.53398287225036
2023-01-15 15:09:51.800000,894.0120849609375,7.144725322723389,9.093400955200195,11.179762171520723,-82.30512972768436
2023-01-15 15:09:51.800000,935.5162963867188,9.694934844970703,45.0655632019043,11.147339894230752,-82.37412003107534
2023-01-15 15:09:51.800000,776.0639038085938,5.90588903427124,38.63997268676758,11.012729383183531,-82.57993971376843
2023-01-15 15:09:51.800000,777.2191162109375,15.01101303100586,85.18470764160156,10.981866206756672,-84.76280256193958
2023-01-15 15:09:51.800000,941.2861328125,5.958343982696533,29.15495109558105,10.9658010226781,-82.53183595304438
2023-01-15 15:09:51.800000,981.7047119140624,10.33768367767334,56.192665100097656,10.98909672726914,-82.51855700084172
2023-01-15 15:09:51.800000,992.9317016601562,8.267757415771484,11.859768867492676,10.950948372695454,-82.34020688252193
2023-01-15 15:09:51.800000,770.882568359375,11.735868453979492,70.44679260253906,10.931305600830688,-84.07453367873502
2023-01-15 15:09:51.800000,932.59716796875,6.340433120727539,34.02341079711914,10.885571434118033,-82.33826034107523
2023-01-15 15:09:51.800000,798.1624145507812,14.196783065795898,81.81172943115234,10.850166646225029,-84.61642166002315
2023-01-15 15:09:51.800000,793.1992797851562,16.187183380126953,87.09983825683594,10.83137001716463,-84.59687998109973
2023-01-15 15:09:51.800000,903.0574340820312,5.780295848846436,27.064197540283203,10.835586512714803,-82.64910658205746
2023-01-15 15:09:51.800000,924.920654296875,6.839885711669922,23.99886703491211,10.867790429187894,-82.54282980303968
2023-01-15 15:09:51.800000,948.1002807617188,6.675931453704834,24.66151428222656,10.806415219486468,-82.3825080260979
2023-01-15 15:09:51.800000,764.9119262695312,7.94227409362793,35.00574493408203,10.78529420773363,-82.88082706653478
2023-01-15 15:09:51.800000,988.6937255859376,6.69282341003418,24.47601127624512,10.787827771441169,-82.40059352917362
2023-01-15 15:09:51.800000,948.1002807617188,6.697818756103516,24.78011703491211,10.797081211346624,-82.38223148910248
2023-01-15 15:09:51.800000,770.414306640625,7.337550163269043,80.7035140991211,10.722486706417978,-83.41602292599966
2023-01-15 15:09:51.800000,769.2508544921875,9.375751495361328,61.97042083740234,10.675572557501294,-83.36302861428574
2023-01-15 15:09:51.800000,980.6165161132812,4.441837310791016,29.764524459838867,10.712818932283383,-82.31455029156254
2023-01-15 15:09:51.800000,760.3499755859375,7.7627410888671875,41.079200744628906,10.628363670465223,-83.24465749804418
2023-01-15 15:09:51.800000,867.3587646484375,7.74349308013916,353.6322326660156,10.598576760122844,-82.85166088493318
2023-01-15 15:09:51.800000,811.3147583007812,10.014935493469238,54.97909927368164,10.57561529685439,-83.90232566492446
2023-01-15 15:09:51.800000,747.34716796875,9.578509330749512,53.4062728881836,10.562961668672443,-83.21918352617548
2023-01-15 15:09:51.800000,800.065185546875,12.533382415771484,70.43427276611328,10.489894133422704,-84.45710016512021
2023-01-15 15:09:51.800000,873.740478515625,11.651853561401367,81.29022216796875,10.473585302989484,-84.01113779916628
2023-01-15 15:09:51.800000,954.8477172851562,10.1801176071167,357.8130187988281,10.455314258619875,-83.1223929198982
2023-01-15 15:09:51.800000,980.0059814453124,10.193830490112305,357.74786376953125,10.469188540768268,-83.0995023916134
2023-01-15 15:09:51.800000,779.8194580078125,14.01097583770752,67.28245544433594,10.401997691900782,-84.58526011270905
2023-01-15 15:09:51.800000,873.740478515625,11.828201293945312,80.99779510498047,10.455007225794084,-84.02453449543685
2023-01-15 15:09:51.800000,717.1471557617188,5.791600704193115,35.99341583251953,10.453580409990712,-83.73898162864248
2023-01-15 15:09:51.800000,857.9237670898438,10.133712768554688,41.6240234375,10.325703221504304,-83.30026397592813
2023-01-15 15:09:51.800000,997.2654418945312,5.992647647857666,42.88866424560547,10.31444030207246,-82.86628720098025
2023-01-15 15:09:51.800000,781.1282348632812,4.10823917388916,15.376523971557615,10.326527436613269,-82.42442696896231
2023-01-15 15:09:51.800000,781.1282348632812,4.418761253356934,11.099889755249023,10.326393133740485,-82.39186650221424
2023-01-15 15:09:51.800000,929.5780639648438,3.951267957687378,23.57449150085449,10.312235987625735,-82.34496521920723
2023-01-15 15:09:51.800000,751.361572265625,7.264189720153809,40.02667617797852,10.157100683498165,-83.07117677071936
2023-01-15 15:09:51.800000,972.0255126953124,7.0708513259887695,26.591205596923828,10.139971162467583,-82.31693204218928
2023-01-15 15:09:51.800000,815.171875,6.069276809692383,8.048632621765137,9.991479133070222,-82.38718168279738
2023-01-15 15:09:51.800000,815.171875,6.44629430770874,10.372231483459473,10.023888372983448,-82.35555522422764
2023-01-15 15:09:51.800000,916.7036743164062,9.210870742797852,98.64083862304688,9.278110393080112,-84.81243206910405
2023-01-15 15:09:51.800000,817.8133544921875,3.203233003616333,68.93378448486328,9.237131656483522,-84.96553037140421
2023-01-15 15:09:51.800000,769.1189575195312,6.480871677398682,82.54740905761719,9.232194022633388,-84.90449023049044
2023-01-15 15:09:51.800000,916.7036743164062,9.139887809753418,98.89636993408205,9.250307376928973,-84.81616991832907
2023-01-15 15:09:51.800000,800.665771484375,6.845313549041748,110.00360107421876,9.1892422582925,-84.65040995635532
2023-01-15 15:09:51.800000,748.847412109375,5.806054592132568,15.478713989257812,9.1378205007508,-82.32780264335672
2023-01-15 15:09:51.800000,748.847412109375,5.806064128875732,15.479307174682615,9.137803777875568,-82.32317231705031
2023-01-15 15:09:51.800000,748.847412109375,5.483130931854248,355.42950439453125,9.123965459473292,-82.33671865688822
2023-01-15 15:09:51.800000,874.5765380859375,3.4385576248168945,164.4827880859375,8.977508927212568,-83.92520604057152
2023-01-15 15:09:51.800000,874.5765380859375,3.477299451828003,164.6558074951172,8.977488837832784,-83.92054871497086
2023-01-15 15:09:51.800000,934.2837524414062,5.062971115112305,152.26028442382812,8.99103784726055,-83.84179881809965
2023-01-15 15:09:51.800000,864.2681884765625,4.195062637329102,233.18463134765625,8.583093296255905,-83.61162643480873
2023-01-15 15:09:51.800000,996.1092529296876,3.2679271697998047,237.5075225830078,8.430876865248091,-83.66784520043541
2023-01-15 15:09:51.800000,985.33935546875,3.7458205223083496,250.71514892578125,8.264721097582889,-83.67730577798115
2023-01-15 15:09:51.800000,872.975341796875,5.977490425109863,32.524112701416016,8.228943080752897,-82.72218495178365
2023-01-15 15:09:51.800000,980.3818969726562,4.526033401489258,148.73623657226562,8.165473200881326,-84.25075249844603
2023-01-15 15:09:51.800000,996.3113403320312,3.721025228500366,130.06399536132812,8.17395331930189,-84.06499692409149
2023-01-15 15:09:51.800000,994.929931640625,3.6005189418792725,249.78204345703125,8.186306795959277,-83.68450870362663
2023-01-15 15:09:51.800000,994.929931640625,3.562030792236328,247.15728759765625,8.177061215795675,-83.67962451837843
2023-01-15 15:09:51.800000,993.353515625,5.787075042724609,123.5892562866211,8.050071022612123,-84.23358590103021
2023-01-15 16:09:51.600000,715.6405029296875,15.554640769958496,88.44125366210938,11.166459937572562,-83.44532017686495
2023-01-15 16:09:51.600000,735.6931762695312,6.951199054718018,47.19416809082031,11.195458065967983,-82.67440422017104
2023-01-15 16:09:51.600000,709.6735229492188,6.749683856964111,49.961944580078125,11.083861358581284,-82.80630007973616
2023-01-15 16:09:51.600000,715.4569702148438,7.943053722381592,60.11621856689453,11.149058272291942,-82.75233587359287
2023-01-15 16:09:51.600000,713.2880859375,6.2858405113220215,62.058738708496094,11.130029571111669,-82.68166026426145
2023-01-15 16:09:51.600000,720.1610717773438,9.781820297241213,35.05328750610352,11.143821086160566,-82.63072721084737
2023-01-15 16:09:51.600000,928.1884765625,5.090638160705566,27.567371368408203,11.101066979636627,-82.48001432947311
2023-01-15 16:09:51.600000,762.6578979492188,14.063972473144531,97.65550994873048,11.07821875428732,-84.4371842334176
2023-01-15 16:09:51.600000,718.6476440429688,10.93850040435791,111.06843566894533,11.076503504030144,-84.1269071247997
2023-01-15 16:09:51.600000,735.0949096679688,7.82614278793335,52.064212799072266,11.037140759606356,-82.80947045239992
2023-01-15 16:09:51.600000,710.237060546875,6.650825500488281,50.4429817199707,11.074338320889089,-82.76862462340735
2023-01-15 16:09:51.600000,720.182373046875,8.767585754394531,56.02191925048828,11.069448124603602,-82.72176515478859
2023-01-15 16:09:51.600000,740.6621704101562,7.089083194732666,36.83864974975586,11.068556483392028,-82.52567330414963
2023-01-15 16:09:51.600000,821.917724609375,6.060306072235107,23.722332000732425,11.06365311956344,-82.47419585674108
2023-01-15 16:09:51.600000,741.3826293945312,11.351174354553224,92.4765625,11.005104715764809,-82.95326094331418
2023-01-15 16:09:51.600000,751.8050537109375,6.563572406768799,32.18289566040039,10.997741361051627,-82.3602566008019
2023-01-15 16:09:51.600000,720.8642578125,6.806896209716797,52.065879821777344,10.939845638954646,-82.98384512166935
2023-01-15 16:09:51.600000,746.1884155273438,10.17101764678955,84.63228607177734,10.825838025545464,-84.44154847289917
2023-01-15 16:09:51.600000,783.5127563476562,5.865530490875244,70.1258773803711,10.815807244067493,-83.40981680132604
2023-01-15 16:09:51.600000,787.8125,9.36468505859375,39.299407958984375,10.806240357462846,-83.36272221518473
2023-01-15 16:09:51.600000,726.1166381835938,13.11069393157959,83.13057708740234,10.786252319800184,-84.02699700613812
2023-01-15 16:09:51.600000,726.1166381835938,13.071587562561035,83.12205505371094,10.781557724767111,-84.0221373910793
2023-01-15 16:09:51.600000,773.4397583007812,7.690989971160889,35.95956802368164,10.733179655641674,-82.7065838896719
2023-01-15 16:09:51.600000,913.2623901367188,5.719692230224609,20.36724853515625,10.736983472029165,-82.51090797974408
2023-01-15 16:09:51.600000,770.0557861328125,6.713982105255127,61.30880355834961,10.6822200441366,-83.76557772792945
2023-01-15 16:09:51.600000,770.0557861328125,6.707803249359131,61.46461868286133,10.68219645273426,-83.76089477599524
2023-01-15 16:09:51.600000,749.9912109375,9.277612686157228,113.25392150878906,10.731707738474531,-83.39295257439962
2023-01-15 16:09:51.600000,734.9412841796875,10.248970985412598,32.32233428955078,10.72152161518572,-83.21500076555438
2023-01-15 16:09:51.600000,733.2949829101562,10.397042274475098,32.39947891235352,10.730766655278511,-83.19661471913501
2023-01-15 16:09:51.600000,759.48974609375,7.172418594360352,34.90985107421875,10.6912319625848,-82.71462204381413
2023-01-15 16:09:51.600000,772.736328125,6.354764461517334,44.93381118774414,10.677134235354735,-82.69087884837879
2023-01-15 16:09:51.600000,946.4114990234376,5.417095184326172,355.8323059082031,10.662731461691212,-82.59722001211769
2023-01-15 16:09:51.600000,792.9417724609375,17.047372817993164,94.50440979003906,10.649381536140403,-84.61807466343309
2023-01-15 16:09:51.600000,770.7714233398438,6.71830940246582,61.73139953613281,10.663482420772144,-83.75087967213334
2023-01-15 16:09:51.600000,776.8939208984375,8.633036613464355,68.90338134765625,10.59776725296705,-83.66905109839536
2023-01-15 16:09:51.600000,772.736328125,6.229028224945068,49.17176055908203,10.658476809492289,-82.69030992171547
2023-01-15 16:09:51.600000,837.447265625,6.463459014892578,24.44790267944336,10.658373995249576,-82.6669992889184
2023-01-15 16:09:51.600000,965.8966064453124,5.340013027191162,356.8866577148437,10.657965929504735,-82.57377715879822
2023-01-15 16:09:51.600000,768.9806518554688,9.249277114868164,112.4011459350586,10.593967164023107,-83.8420947884611
2023-01-15 16:09:51.600000,749.2937622070312,5.295000076293945,37.415374755859375,10.507145056100407,-83.24539798182488
2023-01-15 16:09:51.600000,710.4951782226562,10.28140926361084,82.69815063476562,10.357885980044362,-84.17099385138286
2023-01-15 16:09:51.600000,763.72607421875,6.677134037017822,33.900150299072266,10.349470301838624,-83.40372227204142
2023-01-15 16:09:51.600000,920.4742431640624,6.667006015777588,277.50341796875,10.24426519018266,-82.78501556492131
2023-01-15 16:09:51.600000,754.614501953125,4.163519859313965,21.69159507751465,10.163793392755164,-82.4570217293539
2023-01-15 16:09:51.600000,780.1310424804688,3.455328702926636,26.08284568786621,10.158989828500363,-82.41969835921806
2023-01-15 16:09:51.600000,818.25146484375,6.688116550445557,36.58695983886719,10.041009199302204,-83.11423989440841
2023-01-15 16:09:51.600000,782.911865234375,6.911603927612305,20.103525161743164,9.83820511563374,-82.39694395847856
2023-01-15 16:09:51.600000,782.911865234375,6.747006893157959,19.13279914855957,9.819645553380605,-82.40108541888684
2023-01-15 16:09:51.600000,887.9058837890625,8.694266319274902,350.25445556640625,9.64323792227396,-82.39637336500223
2023-01-15 16:09:51.600000,819.3807983398438,3.3830671310424805,63.88092422485352,9.166579549417635,-84.75721371104885
2023-01-15 16:09:51.600000,830.9044189453125,3.879446029663086,49.22187423706055,9.03622860981473,-84.62670773098013
2023-01-15 16:09:51.600000,852.3782348632812,4.83597993850708,45.01026916503906,8.87927365813077,-84.72910385938465
2023-01-15 16:09:51.600000,950.994384765625,4.694326877593994,39.91501998901367,8.88831625488355,-84.68267569399636
2023-01-15 16:09:51.600000,856.2385864257812,6.131989002227783,15.201321601867676,8.878448181371988,-83.47579691660003
2023-01-15 16:09:51.600000,826.410400390625,5.425602436065674,9.087294578552246,8.896880320748332,-83.45772648479227
2023-01-15 16:09:51.600000,961.381103515625,3.4410834312438965,44.584720611572266,8.727748333865252,-85.92800992524322
2023-01-15 16:09:51.600000,802.7930297851562,3.167097806930542,44.1382942199707,8.768425553600279,-84.77694238052769
2023-01-15 16:09:51.600000,824.8663940429688,4.229616165161133,82.71048736572266,8.766246931495983,-83.17096228404948
2023-01-15 16:09:51.600000,983.2984619140624,3.6427083015441895,44.10297393798828,8.709134029616871,-85.90855619309471
2023-01-15 16:09:51.600000,836.1849365234375,11.907724380493164,30.054725646972656,8.644276361008634,-82.68593069073462
2023-01-15 16:09:51.600000,867.2236328125,3.799844980239868,14.812854766845703,8.671230041221035,-82.4691216163708
2023-01-15 16:09:51.600000,932.3748168945312,3.895356416702272,60.665470123291016,8.64912685813236,-85.93931298516118
2023-01-15 16:09:51.600000,788.7496337890625,7.1014909744262695,43.42872619628906,8.634175309542087,-83.67343148656481
2023-01-15 16:09:51.600000,881.6362915039062,3.2129716873168945,75.0934066772461,8.571323590010483,-84.12275665311566
2023-01-15 16:09:51.600000,877.3461303710938,4.962537288665772,55.84911346435547,8.447396475283586,-83.15801230713224
2023-01-15 16:09:51.600000,798.4532470703125,5.5370774269104,59.97174072265625,8.479533041354495,-83.10785993762721
2023-01-15 16:09:51.600000,907.1417236328124,4.318425178527832,22.89691925048828,8.482989273515612,-82.7884197101308
2023-01-15 16:09:51.600000,955.5657348632812,4.054422855377197,257.6578674316406,8.32887849846708,-83.55835066727755
2023-01-15 16:09:51.600000,969.7847900390624,4.935190200805664,48.57577133178711,7.971191346041818,-82.84559540179988
2023-01-15 16:09:51.600000,910.9580078125,3.421081304550171,21.47068977355957,7.980067066912543,-82.74413640559695
2023-01-15 17:09:51.700000,704.271240234375,10.118929862976074,53.13584518432617,11.292995941550029,-82.52335724961634
2023-01-15 17:09:51.700000,731.3236083984375,10.335769653320312,123.92481994628906,11.27146570936979,-84.67558134082432
2023-01-15 17:09:51.700000,727.0585327148438,9.977176666259766,119.84793853759766,11.236286747760415,-84.25521501056437
2023-01-15 17:09:51.700000,714.5332641601562,7.86820125579834,52.710479736328125,11.275077810572364,-82.69565122879054
2023-01-15 17:09:51.700000,702.3386840820312,10.238523483276367,53.02173614501953,11.288380636943671,-82.53722380529234
2023-01-15 17:09:51.700000,977.7217407226562,6.5920186042785645,36.159210205078125,11.11033291231381,-82.46163503993826
2023-01-15 17:09:51.700000,723.201904296875,8.213974952697754,84.49496459960938,11.037996860852386,-82.99172385480249
2023-01-15 17:09:51.700000,944.2127075195312,6.997056484222412,52.32020568847656,11.063404535195511,-82.4182075408411
2023-01-15 17:09:51.700000,707.25244140625,6.239737510681152,90.55770111083984,11.002051703806355,-83.28981877570023
2023-01-15 17:09:51.700000,720.2711791992188,8.412718772888184,80.56231689453125,11.010221442080663,-83.04690210817074
2023-01-15 17:09:51.700000,743.7450561523438,9.910959243774414,57.65303802490234,10.944145299618793,-82.90456982475666
2023-01-15 17:09:51.700000,734.3382568359375,8.504844665527344,48.67159271240234,10.94405832696108,-82.88588465739319
2023-01-15 17:09:51.700000,921.792236328125,6.403982639312744,52.01051330566406,10.98852021101234,-82.38795394312507
2023-01-15 17:09:51.700000,729.1825561523438,6.162796974182129,61.710693359375,10.94069053807658,-83.16147463938402
2023-01-15 17:09:51.700000,733.1449584960938,9.1150541305542,111.49285125732422,10.935438736325777,-83.03977228237471
2023-01-15 17:09:51.700000,743.7450561523438,9.884004592895508,57.83370971679688,10.939452071586317,-82.89974820013113
2023-01-15 17:09:51.700000,782.2357177734375,10.911185264587402,107.2748031616211,10.8695783618935,-84.74421005936131
2023-01-15 17:09:51.700000,782.2357177734375,10.910893440246582,107.27506256103516,10.8695515780304,-84.73950277721822
2023-01-15 17:09:51.700000,755.436767578125,15.88219928741455,99.34410095214844,10.781571076605976,-84.87721985355894
2023-01-15 17:09:51.700000,742.8711547851562,3.0150623321533203,98.99159240722656,10.751858937642034,-83.69309115616221
2023-01-15 17:09:51.700000,737.1643676757812,5.931458950042725,91.3011474609375,10.73706169300498,-83.53345037002647
2023-01-15 17:09:51.700000,725.3372192382812,8.12575626373291,51.512245178222656,10.788660823345753,-82.59170963266844
2023-01-15 17:09:51.700000,735.2831420898438,8.644609451293945,66.2688217163086,10.68243295112639,-83.80772855737949
2023-01-15 17:09:51.700000,733.83642578125,7.987240791320801,62.46524810791016,10.700983547518945,-83.78496373860725
2023-01-15 17:09:51.700000,740.5634765625,6.050702095031738,80.48007202148438,10.690274755686676,-83.50847020985894
2023-01-15 17:09:51.700000,738.1517944335938,8.58585262298584,23.44791030883789,10.664293593343606,-82.9470108457418
2023-01-15 17:09:51.700000,715.3692016601562,7.578729629516602,29.195425033569336,10.724795614390366,-82.91625297858525
2023-01-15 17:09:51.700000,735.318115234375,9.443090438842772,19.15677261352539,10.622656175254864,-83.0203611271136
2023-01-15 17:09:51.700000,756.4114379882812,9.309913635253906,19.971763610839844,10.6224852056061,-82.98302313735823
2023-01-15 17:09:51.700000,738.1517944335938,8.584887504577637,23.298885345458984,10.65962886147731,-82.94686386728847
2023-01-15 17:09:51.700000,804.2463989257812,8.547508239746094,16.180938720703125,10.657844504844034,-82.54581684219453
2023-01-15 17:09:51.700000,713.1906127929688,11.677740097045898,77.42572784423828,10.581046333069214,-84.05242362347164
2023-01-15 17:09:51.700000,761.597412109375,4.606990814208984,70.51692962646484,10.587636722564648,-83.50501191499234
2023-01-15 17:09:51.700000,739.0569458007812,6.855003356933594,64.88355255126953,10.573149912259243,-83.40169670724342
2023-01-15 17:09:51.700000,739.65625,9.290761947631836,19.80552291870117,10.56642113349102,-82.95793521828605
2023-01-15 17:09:51.700000,971.1353149414062,5.039695262908936,1.9242901802062988,10.54622559754326,-82.60770747607063
2023-01-15 17:09:51.700000,925.1195068359376,5.290209293365479,10.424799919128418,10.536226183163206,-82.44908142138615
2023-01-15 17:09:51.700000,853.8731689453125,5.297141075134277,9.631864547729492,10.550149772648512,-82.43552107779826
2023-01-15 17:09:51.700000,790.0169067382812,8.732789993286133,20.81319999694824,10.505965815310972,-82.98869831985553
2023-01-15 17:09:51.700000,746.669921875,6.470115184783936,26.24625396728516,10.519759991496793,-82.94715210004797
2023-01-15 17:09:51.700000,989.6166381835938,4.901735305786133,18.80625343322754,10.477067509046735,-82.77801591066726
2023-01-15 17:09:51.700000,866.0835571289062,5.291352272033691,9.910184860229492,10.51752518387088,-82.43457203753529
2023-01-15 17:09:51.700000,866.0835571289062,5.318162441253662,10.121479988098145,10.517485959759904,-82.42526147595898
2023-01-15 17:09:51.700000,724.8997192382812,8.969943046569824,90.70549011230467,10.389371609129416,-83.94733349524685
2023-01-15 17:09:51.700000,724.8997192382812,7.133537292480469,97.2195281982422,10.389348199169794,-83.94265218503963
2023-01-15 17:09:51.700000,717.9783935546875,7.193239688873291,102.97174072265624,10.393128022736503,-83.76499136773978
2023-01-15 17:09:51.700000,715.148681640625,4.1692328453063965,78.79176330566406,10.425270959548977,-83.66787557863542
2023-01-15 17:09:51.700000,952.9475708007812,4.64394998550415,19.247426986694336,10.431007022578015,-82.89778895577415
2023-01-15 17:09:51.700000,971.6409912109376,6.298752307891846,26.80695915222168,10.426162287411122,-82.85569346859342
2023-01-15 17:09:51.700000,970.8432006835938,3.015775442123413,331.521240234375,10.428517743985008,-82.31569396317238
2023-01-15 17:09:51.700000,735.65185546875,5.991337776184082,118.9533462524414,10.362402751677529,-84.14304749407962
2023-01-15 17:09:51.700000,724.8997192382812,8.969908714294434,90.70533752441406,10.384711233048847,-83.94717214543063
2023-01-15 17:09:51.700000,725.5389404296875,10.017179489135742,83.27857208251953,10.37426019965822,-83.71759058873
2023-01-15 17:09:51.700000,721.7355346679688,6.794394016265869,56.02323532104492,10.344442230185344,-83.32419857236717
2023-01-15 17:09:51.700000,811.6142578125,4.326854705810547,8.870827674865723,10.315705998670111,-83.15065940236396
2023-01-15 17:09:51.700000,741.1373291015625,4.922834396362305,88.6964111328125,10.254380562821416,-83.96608235012997
2023-01-15 17:09:51.700000,741.1373291015625,4.854935646057129,88.13655853271484,10.254357417626103,-83.96140306117952
2023-01-15 17:09:51.700000,749.8753051757812,8.250004768371582,24.33294486999512,10.292867853391536,-83.24789641023263
2023-01-15 17:09:51.700000,811.6142578125,4.326767444610596,8.871825218200684,10.311049089021122,-83.15051384147118
2023-01-15 17:09:51.700000,794.4450073242188,9.340874671936035,89.27437591552734,10.248976948638122,-84.72509445459725
2023-01-15 17:09:51.700000,746.1058349609375,5.518589496612549,92.38570404052734,10.231210876304102,-83.98868161762834
2023-01-15 17:09:51.700000,765.3837890625,3.90875244140625,80.49918365478516,10.22860808391599,-83.44650916356031
2023-01-15 17:09:51.700000,765.3837890625,3.908696174621582,80.49882507324219,10.233241991540403,-83.44199027109855
2023-01-15 17:09:51.700000,773.6599731445312,8.461651802062988,72.7007064819336,10.186175436455922,-83.32849936198788
2023-01-15 17:09:51.700000,765.617919921875,5.842087268829346,36.21216583251953,10.199989822161784,-83.29628199033577
2023-01-15 17:09:51.700000,750.8834228515625,10.151121139526367,39.984134674072266,10.148669040300303,-83.26669136002818
2023-01-15 17:09:51.700000,734.654296875,8.207439422607422,31.517650604248047,10.125256700532113,-83.2333256505971
2023-01-15 17:09:51.700000,768.6444702148438,5.696163177490234,32.757564544677734,10.161919024352228,-83.1086036384362
2023-01-15 17:09:51.700000,768.6444702148438,7.0299577713012695,35.20073699951172,10.143224045337467,-83.08939221486533
2023-01-15 17:09:51.700000,794.447509765625,7.078447341918945,30.36338806152344,10.170427405724494,-82.92716953528608
2023-01-15 17:09:51.700000,869.3092041015625,4.925657272338867,325.83740234375,10.151096434190052,-82.75899774638386
2023-01-15 17:09:51.700000,795.5856323242188,6.849275588989258,358.2974548339844,9.792000484717072,-82.45604662033196
2023-01-15 17:09:51.700000,754.0593872070312,6.846520900726318,351.0799560546875,9.722374034604554,-82.45880886933594
2023-01-15 17:09:51.700000,852.7178344726562,3.3211464881896973,139.80931091308594,9.51654021698372,-84.23121960248271
2023-01-15 17:09:51.700000,793.6279296875,3.4427411556243896,0.0066310795955359,9.483657532647287,-84.14608360537973
2023-01-15 17:09:51.700000,816.748291015625,3.40364670753479,47.328460693359375,9.437364545159712,-84.1679362818776
2023-01-15 17:09:51.700000,771.3187255859375,4.32460880279541,35.997825622558594,9.455750264752712,-84.13117798422473
2023-01-15 17:09:51.700000,819.4337768554688,3.933281183242798,42.50794219970703,9.40961479327624,-84.18571867367612
2023-01-15 17:09:51.700000,819.4337768554688,3.8758950233459473,40.75101852416992,9.40950632921061,-84.16237197404237
2023-01-15 17:09:51.700000,909.5457763671876,4.490414142608643,24.12837028503418,9.255036346382449,-84.83505107135083
2023-01-15 17:09:51.700000,789.9851684570312,3.0219850540161133,86.38944244384766,9.224488963160288,-84.25915651589932
2023-01-15 17:09:51.700000,791.3181762695312,6.002646446228027,338.62261962890625,9.262395482657915,-83.3937364095225
2023-01-15 17:09:51.700000,745.604248046875,5.6635260581970215,19.3520565032959,9.128678665498228,-82.35998637105472
2023-01-15 17:09:51.700000,827.5724487304688,3.5408029556274414,138.9268035888672,9.125584280690967,-83.90170239729575
2023-01-15 17:09:51.700000,754.3164672851562,5.851520538330078,21.614181518554688,9.091712598784996,-82.37758732225393
2023-01-15 17:09:51.700000,941.3643188476562,4.535158157348633,56.16114044189453,8.985582007778307,-84.69048436666665
2023-01-15 17:09:51.700000,819.6994018554688,4.107868671417236,20.51549530029297,8.845151836605389,-84.34992943280261
2023-01-15 17:09:51.700000,789.1917724609375,4.9733052253723145,46.06915283203125,8.841606680681783,-83.51658574323748
2023-01-15 17:09:51.700000,819.1785888671875,5.857816219329834,28.47428321838379,8.783701974827332,-82.89785572430655
2023-01-15 17:09:51.700000,966.7059326171876,5.156681537628174,64.78700256347656,8.727772401165868,-85.93270915043558
2023-01-15 17:09:51.700000,824.3519897460938,4.755539417266846,18.144821166992188,8.784851189010206,-84.31544420365853
2023-01-15 17:09:51.700000,819.1785888671875,5.905703067779541,28.636240005493164,8.76988342148663,-82.91140319225963
2023-01-15 17:09:51.700000,763.04638671875,3.2894067764282227,22.34971809387207,8.652328927892338,-83.59030749027575
2023-01-15 17:09:51.700000,763.6488647460938,6.969749927520752,28.263246536254883,8.650502499122158,-83.12153832680517
2023-01-15 17:09:51.700000,748.1217651367188,11.352954864501951,29.194536209106445,8.645290164131437,-82.96381613791773
2023-01-15 17:09:51.700000,748.1217651367188,11.352970123291016,29.19475173950196,8.64527296520601,-82.95918227029107
2023-01-15 17:09:51.700000,886.261962890625,3.954155683517456,17.496112823486328,8.635529113557892,-85.99520774312427
2023-01-15 17:09:51.700000,889.8939819335938,4.565483570098877,18.886695861816406,8.62603422707163,-85.94789215717401
2023-01-15 17:09:51.700000,919.529296875,3.563207626342773,55.69038009643555,8.643620889224527,-84.79633646415043
2023-01-15 17:09:51.700000,891.2442016601562,5.49363374710083,77.78937530517578,8.59373467962838,-83.95588754136499
2023-01-15 17:09:51.700000,855.9237670898438,6.062968254089356,79.11634826660156,8.621295888317668,-83.91481231552653
2023-01-15 17:09:51.700000,748.1217651367188,11.352858543395996,29.195526123046875,8.640669121125908,-82.96369816629186
2023-01-15 17:09:51.700000,786.1250610351562,6.284833908081055,45.25211334228516,8.51428343860192,-83.7351567680428
2023-01-15 17:09:51.700000,793.7642822265625,9.53349494934082,25.39094924926757,8.534631159597232,-83.02122965330392
2023-01-15 17:09:51.700000,806.7566528320312,8.562467575073242,50.2414436340332,8.440704995234888,-83.81675803916599
2023-01-15 17:09:51.700000,782.4209594726562,7.964583396911621,46.89247131347656,8.486787135627074,-83.79015325978303
2023-01-15 17:09:51.700000,786.1250610351562,6.249631404876709,45.50552749633789,8.504931797990606,-83.70702446039365
2023-01-15 17:09:51.700000,768.063720703125,8.103103637695312,36.66482162475586,8.448842298956551,-83.53834117177655
2023-01-15 17:09:51.700000,797.2579345703125,9.843205451965332,24.04352760314941,8.497698327622066,-83.0249263850789
2023-01-15 17:09:51.700000,855.3837890625,6.327140331268311,34.64794921875,8.446850574800099,-83.00974968952146
2023-01-15 17:09:51.700000,793.7562866210938,4.5758957862854,358.7552490234375,8.49583747411656,-82.50194019966355
2023-01-15 17:09:51.700000,816.6990966796875,8.545329093933105,50.42996597290039,8.43610466196131,-83.82127752772318
2023-01-15 17:09:51.700000,779.5668334960938,8.174107551574707,44.58980941772461,8.394279386721047,-83.75508835487109
2023-01-15 17:09:51.700000,793.677734375,6.578553199768066,38.84177017211914,8.370626800018593,-83.61051043351962
2023-01-15 17:09:51.700000,772.3174438476562,3.788408756256104,24.1939754486084,8.429691950909554,-83.36153374940143
2023-01-15 17:09:51.700000,866.7531127929688,5.218968391418457,28.731672286987305,8.404551038313649,-82.80038875499042
2023-01-15 17:09:51.700000,772.2039794921875,8.018152236938477,45.82533264160156,8.357338209290585,-83.75408226255509
2023-01-15 17:09:51.700000,771.1896362304688,7.549304008483887,44.07588195800781,8.31544175090405,-83.66473464708409
2023-01-15 17:09:51.700000,793.677734375,4.647252559661865,35.23324966430664,8.365955598452341,-83.5964612759669
2023-01-15 17:09:51.700000,853.3583374023438,7.511280059814453,43.29912567138672,8.297266093611082,-83.73852638275442
2023-01-15 17:09:51.700000,793.8259887695312,3.363809585571289,13.34702968597412,8.287352604748866,-83.56189406982755
2023-01-15 17:09:51.700000,809.66943359375,4.824324607849121,16.0060977935791,8.258909488019219,-83.36174843998265
2023-01-15 17:09:51.700000,841.928466796875,7.142187118530273,19.153261184692383,8.224473305998997,-82.763691785
2023-01-15 17:09:51.700000,806.5808715820312,7.437742710113525,56.59144973754883,8.115693865009998,-83.3025193261087
2023-01-15 17:09:51.700000,772.9111328125,5.669917583465576,22.02106285095215,8.137677690681004,-83.0021392869868
2023-01-15 17:09:51.700000,762.52587890625,5.837781429290772,41.23508834838867,8.027457397750224,-83.12441340890483
2023-01-15 17:09:51.700000,782.7687377929688,3.972245693206787,25.90022659301757,8.050119088560093,-83.01391484328403
2023-01-15 17:09:51.700000,837.99169921875,3.79521107673645,34.776756286621094,8.019314495732935,-83.42518866710411
2023-01-15 17:09:51.700000,749.9971923828125,6.590972423553467,41.10441589355469,7.9545266028070065,-83.35409743916988
2023-01-15 17:09:51.700000,749.6411743164062,6.578882217407227,39.9226188659668,7.954476867929523,-83.34020377551721
2023-01-15 17:09:51.700000,857.7205810546875,3.063064813613892,3.420712471008301,7.980960516464023,-83.00764334111072
2023-01-15 17:09:51.700000,857.7205810546875,3.0990469455718994,1.964901208877564,7.9993647563182,-82.9988296447833
2023-01-15 17:09:51.700000,972.3644409179688,4.258220672607422,258.91717529296875,7.919264938173634,-84.94695894240357
2023-01-15 17:09:51.700000,757.0787963867188,6.545827388763428,41.29530334472656,7.931481983468774,-83.35353027022379
2023-01-15 17:09:51.700000,942.8174438476562,4.255552291870117,34.34297180175781,7.90665104293945,-82.83486424097224
2023-01-15 18:09:51.400000,715.1966552734375,8.89355754852295,70.80575561523438,11.24115963055305,-83.41515072033934
2023-01-15 18:09:51.400000,763.952392578125,8.94755744934082,38.58919906616211,11.087252925364226,-82.5262528302848
2023-01-15 18:09:51.400000,763.952392578125,10.157381057739258,40.639984130859375,11.073314364352347,-82.54448767901924
2023-01-15 18:09:51.400000,854.7591552734375,6.5307207107543945,37.46760940551758,10.868351477419523,-82.66877784919096
2023-01-15 18:09:51.400000,971.6377563476562,5.550174236297607,45.03191375732422,10.80150872427471,-82.32645913589822
2023-01-15 18:09:51.400000,730.2705078125,13.219151496887209,96.55535125732422,10.741961099078416,-83.5804092926889
2023-01-15 18:09:51.400000,805.0533447265625,6.251543998718262,22.60083198547364,10.66210676921274,-82.45277429424769
2023-01-15 18:09:51.400000,747.3272705078125,10.836804389953612,57.36491394042969,10.604592183048942,-84.09544841633259
2023-01-15 18:09:51.400000,747.3272705078125,10.816349983215332,57.08122634887695,10.604567864097918,-84.09076013492523
2023-01-15 18:09:51.400000,780.6629028320312,9.106924057006836,33.40129470825195,10.64664909482051,-83.16585147242654
2023-01-15 18:09:51.400000,765.306640625,9.331757545471191,29.418188095092773,10.660338691185084,-83.10091918193612
2023-01-15 18:09:51.400000,851.3238525390625,10.703238487243652,29.72228240966797,10.594419139480236,-82.96347715239845
2023-01-15 18:09:51.400000,839.177490234375,10.616406440734863,31.388647079467773,10.640318197379589,-82.8016533915411
2023-01-15 18:09:51.400000,976.0292358398438,4.780349254608154,16.867034912109375,10.606110128413098,-82.44181265642446
2023-01-15 18:09:51.400000,796.9024658203125,9.514352798461914,34.38822555541992,10.547941328400558,-82.99467603713246
2023-01-15 18:09:51.400000,868.6654052734375,10.228164672851562,32.77863311767578,10.561737604105494,-82.95312418174615
2023-01-15 18:09:51.400000,804.9421997070312,9.407124519348145,38.87710571289063,10.579800571445483,-82.82310344954678
2023-01-15 18:09:51.400000,837.0879516601562,8.259401321411133,37.37124633789063,10.519949591023618,-82.9891350079047
2023-01-15 18:09:51.400000,755.6137084960938,8.028535842895508,22.51952362060547,10.46331363382644,-82.82886140142945
2023-01-15 18:09:51.400000,874.42626953125,4.2968854904174805,353.7175598144531,10.400744298191054,-82.35676791903165
2023-01-15 18:09:51.400000,878.44140625,4.124904155731201,356.6600646972656,10.386696128500107,-82.33776509869217
2023-01-15 18:09:51.400000,823.6442260742188,9.54265022277832,57.42959213256836,10.381320547529391,-83.24136830637974
2023-01-15 18:09:51.400000,866.4992065429688,7.050746440887451,63.82468032836914,10.381170298400304,-83.20869915291706
2023-01-15 18:09:51.400000,806.9716796875,3.5565009117126465,358.288330078125,10.337317460495736,-82.77381331308533
2023-01-15 18:09:51.400000,837.4319458007812,3.6215338706970215,2.793611764907837,10.3368567374925,-82.66670098449585
2023-01-15 18:09:51.400000,770.3424072265625,11.392984390258787,55.85930633544922,10.35029336305261,-82.54142016100322
2023-01-15 18:09:51.400000,854.0225219726562,4.020257949829102,359.4943542480469,10.359159056575766,-82.4346612437069
2023-01-15 18:09:51.400000,882.45654296875,4.203810691833496,353.4247131347656,10.368145403683195,-82.35584331126883
2023-01-15 18:09:51.400000,809.7084350585938,7.929344177246094,88.26317596435547,10.25366120464022,-84.72996345875224
2023-01-15 18:09:51.400000,753.3529663085938,5.101469993591309,95.542236328125,10.287734324986944,-84.11700858014109
2023-01-15 18:09:51.400000,889.1361694335938,6.211145877838135,37.8387336730957,10.273987524665404,-83.19132878205912
2023-01-15 18:09:51.400000,957.466796875,3.42507553100586,117.10204315185548,10.257613873333408,-82.6411080135456
2023-01-15 18:09:51.400000,925.8123168945312,4.017106056213379,355.1585998535156,10.270191953726911,-82.30659683960712
2023-01-15 18:09:51.400000,809.7084350585938,7.929319858551025,88.26306915283203,10.249002111947627,-84.7297900409
2023-01-15 18:09:51.400000,809.7084350585938,7.929147720336914,88.26287841796875,10.248976948638122,-84.72509445459725
2023-01-15 18:09:51.400000,749.6431884765625,5.101629734039307,63.553199768066406,10.108291711341442,-83.59201327594367
2023-01-15 18:09:51.400000,794.0408935546875,4.07689094543457,51.10166549682617,10.125214847136382,-83.22400050426138
2023-01-15 18:09:51.400000,792.3421020507812,4.36310625076294,49.61487579345703,10.148270801091964,-83.17809699617678
2023-01-15 18:09:51.400000,842.8897705078125,5.509976863861084,57.35099029541016,10.067234121038792,-82.72399004081967
2023-01-15 18:09:51.400000,822.251220703125,3.357936143875122,355.8800048828125,9.980723279761223,-83.14968120709707
2023-01-15 18:09:51.400000,869.88232421875,5.286843299865723,5.882208347320557,9.975187728806748,-82.94464919472559
2023-01-15 18:09:51.400000,826.1577758789062,5.310696125030518,37.50962829589844,9.9654171875021,-82.83268981162085
2023-01-15 18:09:51.400000,869.88232421875,5.26975154876709,5.9524641036987305,9.95667295675544,-82.96272063940098
2023-01-15 18:09:51.400000,869.88232421875,5.34835147857666,6.027714729309082,9.938000937892667,-82.94355649280413
2023-01-15 18:09:51.400000,833.2865600585938,4.510476589202881,359.2660827636719,9.768655708283566,-82.42292151154464
2023-01-15 18:09:51.400000,739.4157104492188,4.567679405212402,352.9486083984375,9.550859617309346,-82.5006266987498
2023-01-15 18:09:51.400000,894.1553955078125,5.903200149536133,181.72496032714844,9.345349817845086,-84.32840765428512
2023-01-15 18:09:51.400000,759.669189453125,3.276822805404663,19.59638023376465,9.366464020331444,-83.87644394431923
2023-01-15 18:09:51.400000,723.0928344726562,3.015767812728882,349.503173828125,9.33891415484738,-82.83833280873877
2023-01-15 18:09:51.400000,815.3875122070312,5.614772796630859,1.149546504020691,9.33750133722598,-82.47184447908168
2023-01-15 18:09:51.400000,828.1739501953125,5.349647045135498,345.5473022460937,9.319035731577944,-82.48990852505531
2023-01-15 18:09:51.400000,881.8713989257812,4.987579822540283,330.35382080078125,9.300432222524584,-82.47088735734219
2023-01-15 18:09:51.400000,744.4889526367188,8.10256290435791,40.258182525634766,9.21692049499802,-83.59711415913677
2023-01-15 18:09:51.400000,742.2178344726562,3.648214101791382,332.4867553710937,9.254875504758148,-82.67369462875547
2023-01-15 18:09:51.400000,830.1283569335938,3.508650302886963,353.7998352050781,9.198233627829586,-82.38951555380653
2023-01-15 18:09:51.400000,830.1283569335938,3.508636474609375,353.8008117675781,9.198216647021304,-82.384883255066
2023-01-15 18:09:51.400000,844.3158569335938,6.131527900695801,40.3463249206543,9.198485228877496,-83.61984130167356
2023-01-15 18:09:51.400000,742.6513671875,5.395730972290039,22.581371307373047,9.179498670198363,-83.51226846913353
2023-01-15 18:09:51.400000,742.6513671875,5.389510154724121,22.57758522033692,9.17947909145421,-83.50761620121457
2023-01-15 18:09:51.400000,772.1873168945312,5.377507209777832,348.6216735839844,9.166661312262832,-82.61575360894795
2023-01-15 18:09:51.400000,830.1283569335938,3.5287346839904785,356.5995178222656,9.179642740809514,-82.3705217526782
2023-01-15 18:09:51.400000,794.44189453125,7.299854278564453,33.96059036254883,9.120506246947125,-83.79908473877406
2023-01-15 18:09:51.400000,817.5553588867188,3.1761393547058105,330.34991455078125,9.0687880099279,-82.43721068423673
2023-01-15 18:09:51.400000,867.6866455078125,3.4697906970977783,355.0900573730469,9.044328703000756,-83.29923285376961
2023-01-15 18:09:51.400000,750.42578125,4.088374137878418,49.1655387878418,8.996611395675565,-82.9358687017483
2023-01-15 18:09:51.400000,759.3674926757812,3.658457517623901,49.280948638916016,8.92855523039966,-84.3711692335931
2023-01-15 18:09:51.400000,902.2841796875,3.030540227890014,32.03531265258789,8.991579978572675,-83.96754240217307
2023-01-15 18:09:51.400000,834.19140625,5.377054691314697,24.284263610839844,8.934433668557483,-83.58892783457428
2023-01-15 18:09:51.400000,895.6428833007812,3.6267995834350586,225.0637969970703,8.984244490611854,-83.32078828352235
2023-01-15 18:09:51.400000,765.1065673828125,3.415217876434326,32.20819854736328,8.900799428308721,-84.3749711491652
2023-01-15 18:09:51.400000,834.19140625,5.293115615844727,26.32742691040039,8.920454042058998,-83.56528455430673
2023-01-15 18:09:51.400000,762.0580444335938,4.282657146453857,60.17303085327149,8.853207111600854,-82.93673740983853
2023-01-15 18:09:51.400000,810.6937255859375,6.656301498413086,48.52223205566406,8.852667588156564,-82.79304508143312
2023-01-15 18:09:51.400000,804.2739868164062,3.2544503211975098,15.013747215270996,8.849284486802892,-84.23815782644587
2023-01-15 18:09:51.400000,926.9397583007812,5.955566883087158,219.13047790527344,8.78574409007145,-84.51602699694125
2023-01-15 18:09:51.400000,752.98193359375,8.495184898376465,36.08949279785156,8.71107114205059,-83.24836176878199
2023-01-15 18:09:51.400000,751.430419921875,6.441771030426025,40.18921661376953,8.710838390602474,-83.18804760817876
2023-01-15 18:09:51.400000,752.0618286132812,6.836469650268555,20.602039337158203,8.6954095961925,-82.77053491788017
2023-01-15 18:09:51.400000,882.6798095703125,4.383492469787598,98.52054595947266,8.608361889258445,-86.11173772890646
2023-01-15 18:09:51.400000,882.6798095703125,4.4216179847717285,99.0572280883789,8.608313630358914,-86.10233387591633
2023-01-15 18:09:51.400000,978.7557983398438,7.600114345550537,150.3275909423828,8.597162617203177,-84.7481848220614
2023-01-15 18:09:51.400000,978.7557983398438,7.599424362182617,150.1495361328125,8.583206568079245,-84.72907718446561
2023-01-15 18:09:51.400000,720.8168334960938,7.4951863288879395,21.35242462158203,8.589980558918866,-82.99947218979219
2023-01-15 18:09:51.400000,740.6513671875,7.150996208190918,16.454483032226562,8.57951567079051,-82.661204980725
2023-01-15 18:09:51.400000,794.182373046875,4.401203632354736,32.62372970581055,8.63436466332195,-82.49598848545993
2023-01-15 18:09:51.400000,978.7557983398438,7.592496871948242,150.2320098876953,8.573980009332805,-84.73345825148333
2023-01-15 18:09:51.400000,741.6411743164062,6.171070098876953,30.726667404174805,8.544615182166073,-83.22078224093433
2023-01-15 18:09:51.400000,742.0916137695312,10.496806144714355,30.11090850830078,8.516602626774807,-83.14124909949355
2023-01-15 18:09:51.400000,709.4465942382812,6.574284076690674,49.2965202331543,8.507020689119459,-83.04832618097377
2023-01-15 18:09:51.400000,722.1248168945312,5.570846080780029,27.527070999145508,8.510779571533002,-82.81224460931372
2023-01-15 18:09:51.400000,740.6513671875,8.680887222290039,15.511075973510742,8.561072236239575,-82.67001014719108
2023-01-15 18:09:51.400000,706.1239013671875,4.803080558776856,15.724675178527832,8.570244635446752,-82.65172529783254
2023-01-15 18:09:51.400000,749.7416381835938,6.740036964416504,45.29906463623047,8.48658231534426,-83.73903849106898
2023-01-15 18:09:51.400000,749.7416381835938,6.734959602355957,45.56093978881836,8.481925578192131,-83.72961901268607
2023-01-15 18:09:51.400000,725.3854370117188,7.670466899871826,21.02914810180664,8.47970532740157,-83.15420534247073
2023-01-15 18:09:51.400000,710.8341064453125,7.262598991394043,30.54697799682617,8.50238502639879,-83.0435756166526
2023-01-15 18:09:51.400000,739.9616088867188,6.118476867675781,10.1160249710083,8.501328599231286,-82.75184573307806
2023-01-15 18:09:51.400000,726.803955078125,7.817872047424316,27.792667388916016,8.402251214860506,-83.43038601105295
2023-01-15 18:09:51.400000,717.2359008789062,7.546202182769775,19.080781936645508,8.433457899384226,-83.13448770307214
2023-01-15 18:09:51.400000,712.810546875,9.722713470458984,19.39500617980957,8.433049419230082,-83.02329774371933
2023-01-15 18:09:51.400000,762.7229614257812,5.298332214355469,35.98679733276367,8.31569504643787,-83.72973668550006
2023-01-15 18:09:51.400000,752.5657348632812,3.5692226886749268,20.81958198547364,8.339578140818675,-82.69706042494268
2023-01-15 18:09:51.400000,760.8012084960938,3.5376572608947754,20.36868476867676,8.35339078629451,-82.68814027339124
2023-01-15 18:09:51.400000,759.3082275390625,3.543252468109131,54.682125091552734,8.297121293392074,-83.70138085197654
2023-01-15 18:09:51.400000,878.901123046875,3.765913486480713,255.0917510986328,8.244757478838304,-83.27796920407566
2023-01-15 18:09:51.400000,815.4512939453125,5.719332695007324,95.9401626586914,8.175774577073195,-83.33646002950348
2023-01-15 18:09:51.400000,729.7943115234375,7.76755952835083,50.68508529663086,8.202562514710722,-83.09165686535329
2023-01-15 18:09:51.400000,815.7791137695312,7.065093040466309,18.83517074584961,8.192505093042746,-82.85542242614586
2023-01-15 18:09:51.400000,758.87744140625,5.847733020782471,57.93816757202149,8.108146069267761,-83.75205615062157
2023-01-15 18:09:51.400000,780.9953002929688,5.269436836242676,61.74170303344727,8.139575733095853,-83.52557821989004
2023-01-15 18:09:51.400000,943.8751220703124,3.676023244857788,220.5066833496093,8.033184893863755,-85.67003447889884
2023-01-15 18:09:51.400000,866.4191284179688,4.134335041046143,16.189428329467773,8.038303100755309,-83.57398036140279
2023-01-15 18:09:51.400000,851.0568237304688,4.570821762084961,22.833473205566406,8.038165624253931,-83.53688953115896
2023-01-15 18:09:51.400000,801.294189453125,5.373815536499023,46.19692611694336,8.02367274541897,-83.35580944679536
2023-01-15 18:09:51.400000,737.7586669921875,9.287164688110352,21.024887084960938,8.049783148889219,-82.91677992864277
2023-01-15 18:09:51.400000,961.9886474609376,3.240344762802124,227.06741333007807,8.019487967637206,-85.70237234674391
2023-01-15 18:09:51.400000,909.2515869140624,3.756038904190064,218.7815399169922,8.019251027645723,-85.65086298016557
2023-01-15 18:09:51.400000,932.58056640625,3.3044254779815674,255.87042236328125,7.962688525563702,-85.38713400369778
2023-01-15 18:09:51.400000,733.9434204101562,4.527584075927734,105.0768051147461,7.984679449361835,-84.02268893629785
2023-01-15 18:09:51.400000,814.8450317382812,4.580533981323242,106.806396484375,8.02140847067378,-83.98187322221558
2023-01-15 18:09:51.400000,866.4191284179688,4.175682067871094,18.50444221496582,8.019790766786329,-83.55496406983336
2023-01-15 18:09:51.400000,768.7257690429688,4.690234184265137,23.81768226623535,8.00903451344252,-83.12859590715902
2023-01-15 18:09:51.400000,752.570556640625,4.651252746582031,18.289947509765625,7.967007225355805,-82.97031798787349
2023-01-15 18:09:51.400000,764.499755859375,5.716858386993408,16.56401252746582,7.971426320868477,-82.91493854021883
2023-01-15 18:09:51.400000,848.236572265625,4.646256923675537,359.2451171875,7.971269435721588,-82.86870771820935
2023-01-15 18:09:51.400000,902.1140747070312,3.292570114135742,246.63406372070312,7.940119313437276,-85.49864550232057
2023-01-15 18:09:51.400000,932.58056640625,4.181652545928955,262.5065612792969,7.958157661468532,-85.40569198347612
2023-01-15 18:09:51.400000,967.3269653320312,4.355014801025391,265.614990234375,7.957887954020673,-85.34492288777159
2023-01-15 18:09:51.400000,791.85693359375,7.151901721954346,59.97956085205078,7.940125676039305,-83.19171980492605
2023-01-15 19:09:51.400000,796.5989990234375,9.398978233337402,38.90184783935547,10.879542292310152,-83.07065446942595
2023-01-15 19:09:51.400000,767.9242553710938,5.931969165802002,72.60060119628906,10.918438809009915,-82.38118542259659
2023-01-15 19:09:51.400000,763.2230224609375,5.2445244789123535,40.10789108276367,10.899679520245645,-82.3619812409891
2023-01-15 19:09:51.400000,785.2929077148438,9.660345077514648,54.48474884033203,10.816255185605012,-82.49930843406965
2023-01-15 19:09:51.400000,785.2929077148438,9.646584510803224,54.53343963623047,10.816194098432792,-82.48532297526114
2023-01-15 19:09:51.400000,856.2479248046875,6.106604099273682,45.45232391357422,10.750628794277093,-83.44503106665847
2023-01-15 19:09:51.400000,985.7986450195312,5.261762619018555,55.17596054077149,10.74609277258795,-82.45992328131878
2023-01-15 19:09:51.400000,867.2990112304688,5.136533737182617,48.82642364501953,10.75970987035136,-82.37181039049973
2023-01-15 19:09:51.400000,980.9122314453124,5.8413825035095215,65.8896484375,10.727510983191229,-82.4780070100617
2023-01-15 19:09:51.400000,985.7986450195312,5.258617877960205,53.61302947998047,10.72731012529709,-82.43141167553948
2023-01-15 19:09:51.400000,904.6453857421876,5.102614879608154,48.524375915527344,10.726971609044952,-82.35221776549434
2023-01-15 19:09:51.400000,733.072265625,6.598480701446533,115.56708526611328,10.623159189433228,-84.07736617152243
2023-01-15 19:09:51.400000,802.9147338867188,5.963542938232422,37.63459014892578,10.653546207198266,-82.6295656160664
2023-01-15 19:09:51.400000,973.9469604492188,5.108622550964356,39.8858528137207,10.610183529245727,-82.30226950810875
2023-01-15 19:09:51.400000,733.791259765625,7.033552169799805,91.4363784790039,10.59511508032161,-84.06698590415999
2023-01-15 19:09:51.400000,735.8931274414062,4.532655239105225,97.0753936767578,10.59506665664135,-84.05761097374801
2023-01-15 19:09:51.400000,737.5469360351562,5.632738590240479,95.84711456298828,10.588230460537966,-83.6266217602328
2023-01-15 19:09:51.400000,743.0646362304688,7.159255027770996,118.8849868774414,10.52398078558101,-83.83498018542421
2023-01-15 19:09:51.400000,731.7124633789062,9.29489517211914,34.10463333129883,10.467462728586485,-82.71249619259721
2023-01-15 19:09:51.400000,724.183349609375,8.849504470825195,29.21590805053711,10.44890614414586,-82.73057390070703
2023-01-15 19:09:51.400000,783.931884765625,10.787822723388672,43.48575592041016,10.381644573099194,-83.311388217923
2023-01-15 19:09:51.400000,849.90283203125,3.515366792678833,32.32999801635742,10.313103088153742,-82.55430323695377
2023-01-15 19:09:51.400000,722.8641967773438,11.331055641174316,44.157371520996094,10.250282235688722,-84.07825286345022
2023-01-15 19:09:51.400000,860.3831176757812,6.746589183807373,59.37092208862305,10.25914380532448,-82.99507095469527
2023-01-15 19:09:51.400000,722.8641967773438,11.30760669708252,44.05890655517578,10.24096745582533,-84.07793007517657
2023-01-15 19:09:51.400000,730.5533447265625,4.491525650024414,90.98676300048828,10.118886476401409,-83.86329745916024
2023-01-15 19:09:51.400000,810.51708984375,5.322124481201172,24.420743942260746,9.979089336305115,-82.7679631201345
2023-01-15 19:09:51.400000,764.3046875,7.278884887695312,62.34191131591797,9.909124845106744,-83.76298054362712
2023-01-15 19:09:51.400000,823.5406494140625,3.2499358654022217,44.12163162231445,9.915521699853898,-83.11977732132821
2023-01-15 19:09:51.400000,768.0950317382812,7.462717056274414,62.79800415039063,9.886033653782215,-83.79491431195017
2023-01-15 19:09:51.400000,764.3046875,7.44051456451416,62.72764205932617,9.88601180307571,-83.79024489620106
2023-01-15 19:09:51.400000,846.0753784179688,5.238050937652588,350.5099182128906,9.84996491430152,-83.00146954818818
2023-01-15 19:09:51.400000,768.8836059570312,3.2446770668029785,35.64441680908203,9.840105237706616,-82.86628205871817
2023-01-15 19:09:51.400000,712.5426635742188,6.645852088928223,15.625761032104492,9.87608801395817,-82.57910646755809
2023-01-15 19:09:51.400000,865.4310302734375,11.406816482543944,68.59397888183594,9.76467927447373,-84.64193652086382
2023-01-15 19:09:51.400000,782.0111694335938,3.278977394104004,40.82658767700195,9.8001257613982,-83.29327238824611
2023-01-15 19:09:51.400000,896.6224365234375,3.911830186843872,356.0209655761719,9.798844455767348,-82.9953247417976
2023-01-15 19:09:51.400000,750.4972534179688,3.3714370727539062,355.29461669921875,9.821815465736504,-82.93551864316385
2023-01-15 19:09:51.400000,803.686767578125,10.883283615112305,46.88935852050781,9.666628662898686,-84.54487802452815
2023-01-15 19:09:51.400000,893.4799194335938,5.840022087097168,340.2485656738281,9.652501027760891,-82.3919793084492
2023-01-15 19:09:51.400000,785.9151611328125,8.0404634475708,57.60626220703125,9.493621067939536,-84.29120444756944
2023-01-15 19:09:51.400000,760.8517456054688,5.918868064880371,54.41491317749024,9.507081169323977,-84.19354225454525
2023-01-15 19:09:51.400000,958.3474731445312,5.345575332641602,172.9451446533203,9.433870437342822,-84.41073940835517
2023-01-15 19:09:51.400000,922.2439575195312,5.261056423187256,173.09454345703125,9.43369218054412,-84.37334449282986
2023-01-15 19:09:51.400000,791.5858764648438,7.115034580230713,54.51412963867188,9.465643173981585,-84.26225674641715
2023-01-15 19:09:51.400000,974.2706909179688,4.331140041351318,171.0935516357422,9.410670569169662,-84.40997323402816
2023-01-15 19:09:51.400000,966.9109497070312,5.049468040466309,169.9147186279297,9.401324622642155,-84.39564513899633
2023-01-15 19:09:51.400000,785.622314453125,4.872493267059326,17.20848274230957,9.319968964022216,-83.84704492330158
2023-01-15 19:09:51.400000,899.1491088867188,3.025136232376098,38.35416412353516,9.207208460645113,-84.52947218739914
2023-01-15 19:09:51.400000,720.9990844726562,4.313491821289063,39.57254409790039,9.2441910826477,-83.4722821345
2023-01-15 19:09:51.400000,789.1617431640625,4.983860969543457,4.934477806091309,9.161477904524723,-82.46733493165489
2023-01-15 19:09:51.400000,749.0391845703125,3.492708921432495,37.05183792114258,9.077357476161346,-84.50657715719369
2023-01-15 19:09:51.400000,727.120361328125,4.282204627990723,42.31720733642578,9.120285511493,-83.74786291294373
2023-01-15 19:09:51.400000,729.5662231445312,5.873245716094971,33.36166000366211,9.07597423909087,-83.10969861048999
2023-01-15 19:09:51.400000,766.6722412109375,4.76098108291626,37.36575698852539,9.040360866418755,-84.51940085605105
2023-01-15 19:09:51.400000,809.9295654296875,7.388143539428711,20.000995635986328,9.00914054334804,-83.74458744624951
2023-01-15 19:09:51.400000,725.0888061523438,3.0610265731811523,38.91732406616211,9.008786817798596,-83.66082644246015
2023-01-15 19:09:51.400000,725.0888061523438,3.366992235183716,37.67923355102539,9.03183868989078,-83.63823507221359
2023-01-15 19:09:51.400000,710.4710083007812,5.42938232421875,31.69609642028809,8.992090768049005,-82.9635793826796
2023-01-15 19:09:51.400000,710.4710083007812,5.429389953613281,31.69628143310547,8.992072862290186,-82.9589402989258
2023-01-15 19:09:51.400000,931.7736206054688,3.932116985321045,17.088504791259766,8.931266178645346,-84.9552124993802
2023-01-15 19:09:51.400000,801.2763061523438,5.28827714920044,33.93617248535156,8.967593220836596,-83.7712933592788
2023-01-15 19:09:51.400000,801.2763061523438,5.371426582336426,34.4174690246582,8.976812225861316,-83.7622558456302
2023-01-15 19:09:51.400000,732.7971801757812,5.713491439819336,44.74707794189453,8.973651433061717,-82.98164406390953
2023-01-15 19:09:51.400000,820.3321533203125,3.636092185974121,23.58059883117676,8.903861103721948,-85.033842362086
2023-01-15 19:09:51.400000,975.2506713867188,3.919564723968506,18.4151668548584,8.815053641252968,-84.85320776084664
2023-01-15 19:09:51.400000,763.2723388671875,3.1973865032196045,23.267438888549805,8.824715009706983,-82.73673991147729
2023-01-15 19:09:51.400000,765.1953735351562,5.349508285522461,54.51586151123047,8.785098391758336,-84.37140210074924
2023-01-15 19:09:51.400000,734.8499145507812,5.973699569702148,34.41746520996094,8.716146914224094,-83.36451713603509
2023-01-15 19:09:51.400000,745.9825439453125,5.167585372924805,65.66060638427734,8.715951832987452,-84.42524407040553
2023-01-15 19:09:51.400000,734.8499145507812,5.976093292236328,34.16480255126953,8.711523671165745,-83.36439203737356
2023-01-15 19:09:51.400000,734.8499145507812,5.648190975189209,59.37738037109375,8.711414472159207,-83.33653976101925
2023-01-15 19:09:51.400000,816.7018432617188,7.129922389984131,48.43912124633789,8.57858320817102,-83.63937192590615
2023-01-15 19:09:51.400000,746.6603393554688,6.102842807769775,62.82812881469727,8.601431010652842,-83.57497366154162
2023-01-15 19:09:51.400000,753.909912109375,6.710614204406738,54.98815536499024,8.518792107506576,-83.70740601992102
2023-01-15 19:09:51.400000,752.154541015625,5.914660930633545,43.82929611206055,8.550894443828504,-83.64790067365252
2023-01-15 19:09:51.400000,733.618896484375,5.020381450653076,48.05410385131836,8.56928539117203,-83.62518151512347
2023-01-15 19:09:51.400000,734.9923095703125,4.027154922485352,28.28255081176757,8.537333139847261,-82.48442763575346
2023-01-15 19:09:51.400000,745.3150634765625,6.296217918395996,37.28860092163086,8.467735832740923,-83.6456282942244
2023-01-15 19:09:51.400000,745.3150634765625,6.3307318687438965,36.95444488525391,8.453824010212474,-83.63132041094208
2023-01-15 19:09:51.400000,736.32666015625,5.833057880401611,40.39862823486328,8.490358363133529,-83.5255305361051
2023-01-15 19:09:51.400000,750.2322387695312,4.69835090637207,31.426517486572266,8.504108007829725,-83.49805075008413
2023-01-15 19:09:51.400000,704.9652099609375,6.615538597106934,15.728474617004396,8.437938467158888,-83.09753592094025
2023-01-15 19:09:51.400000,708.9483032226562,5.646621227264404,42.196407318115234,8.387544951219462,-83.20282462625744
2023-01-15 19:09:51.400000,767.6294555664062,6.1995849609375,30.63077735900879,8.32042077933867,-83.75772514059342
2023-01-15 19:09:51.400000,797.2755126953125,5.43614673614502,32.59314727783203,8.231292085341055,-83.37958214298067
2023-01-15 19:09:51.400000,864.2507934570312,3.058506965637207,188.4703826904297,8.214099529866063,-83.71309041169512
2023-01-15 19:09:51.400000,783.899169921875,5.215219497680664,38.46692657470703,8.212767406066861,-83.3605695041712
2023-01-15 19:09:51.400000,900.957763671875,4.206674098968506,186.60826110839844,8.11767513241018,-83.831215107843
2023-01-15 19:09:51.400000,932.1085815429688,4.366244792938232,187.46173095703125,8.13603835871043,-83.80849234169544
2023-01-15 19:09:51.400000,765.3819580078125,3.5511229038238525,358.0210266113281,8.106319345728584,-83.26060036875066
2023-01-15 19:09:51.400000,756.8744506835938,5.193803787231445,21.685014724731445,8.1563212510195,-83.05812250436612
2023-01-15 19:09:51.400000,762.6353759765625,4.44286060333252,12.404603004455566,8.036922975280508,-83.19406896336191
2023-01-15 19:09:51.400000,871.9865112304688,5.1081976890563965,187.54708862304688,7.966430636055242,-86.19760972649335
2023-01-15 19:09:51.400000,952.254150390625,3.875044584274292,17.15390968322754,7.969062389099038,-85.77568771975267
2023-01-15 19:09:51.400000,750.3590087890625,4.941920757293701,15.92440700531006,8.000224083928472,-83.24409420617863
2023-01-15 19:09:51.400000,754.6630249023438,4.164163589477539,23.73307609558105,7.981720282398014,-83.22512586642266
2023-01-15 19:09:51.400000,959.9766845703124,3.205253839492798,234.8765563964844,7.959338325071543,-85.66768422585857
2023-01-15 20:09:51.400000,715.7316284179688,13.275667190551758,90.22271728515624,11.165967819831954,-84.23369032147535
2023-01-15 20:09:51.400000,725.9174194335938,11.970170021057127,92.36711883544922,11.215781726235496,-83.9301989421386
2023-01-15 20:09:51.400000,716.4312744140625,12.176544189453123,85.84147644042969,11.14717066578185,-84.21886673048007
2023-01-15 20:09:51.400000,716.4312744140625,12.098347663879396,85.80919647216797,11.147118741518034,-84.20946461023873
2023-01-15 20:09:51.400000,744.457763671875,3.853527307510376,40.16810989379883,10.736321923111303,-82.35714925615584
2023-01-15 20:09:51.400000,774.1964111328125,9.481996536254885,48.11128234863281,10.665243587581072,-83.15244274246348
2023-01-15 20:09:51.400000,776.0614013671875,4.048646450042725,38.16482162475586,10.703785990546791,-82.38413864216486
2023-01-15 20:09:51.400000,796.8736572265625,3.916076898574829,40.01709365844727,10.72236597741124,-82.36605460417594
2023-01-15 20:09:51.400000,739.4580688476562,6.920792579650879,62.357547760009766,10.596806685376835,-83.4725930250809
2023-01-15 20:09:51.400000,772.6478271484375,3.9984593391418457,34.1056022644043,10.595147596268374,-83.122172037596
2023-01-15 20:09:51.400000,748.5665283203125,5.069649696350098,10.079069137573242,10.594974868843485,-83.08482309176345
2023-01-15 20:09:51.400000,739.4580688476562,6.920787811279297,62.35811614990234,10.592142462095536,-83.47243717681583
2023-01-15 20:09:51.400000,755.3394165039062,4.597980499267578,19.297771453857425,10.576408222577976,-83.10290174742082
2023-01-15 20:09:51.400000,906.57373046875,5.00145149230957,41.58570098876953,10.463128960489833,-82.78691364351428
2023-01-15 20:09:51.400000,988.5714721679688,5.391075611114502,40.3841552734375,10.498592601254831,-82.36421485051493
2023-01-15 20:09:51.400000,781.361328125,3.010703086853028,10.854941368103027,10.425591174065463,-82.72521674991259
2023-01-15 20:09:51.400000,959.4683837890624,3.47123646736145,3.665940999984741,10.382230858973967,-82.38415026208936
2023-01-15 20:09:51.400000,810.5451049804688,5.096376419067383,39.527099609375,10.376426200512778,-83.18988573153266
2023-01-15 20:09:51.400000,732.5089111328125,10.740157127380373,100.40487670898438,10.304879357685184,-83.81812178959159
2023-01-15 20:09:51.400000,737.3719482421875,10.889205932617188,109.65137481689452,10.267029261460868,-83.69530537586141
2023-01-15 20:09:51.400000,736.164794921875,10.21403694152832,59.95061874389648,10.211444235401498,-83.75421146169832
2023-01-15 20:09:51.400000,720.2984619140625,8.670087814331055,43.600284576416016,10.18282169491752,-83.60844123082843
2023-01-15 20:09:51.400000,957.4960327148438,4.5116400718688965,17.593481063842773,10.233490975511618,-82.4357400256434
2023-01-15 20:09:51.400000,876.9854736328125,3.374207735061645,49.05569839477539,10.171081214507543,-83.07626295729386
2023-01-15 20:09:51.400000,840.623779296875,4.014307498931885,1.274813175201416,10.118710144928242,-82.79993493918178
2023-01-15 20:09:51.400000,843.4312744140625,3.528691053390503,10.293832778930664,10.10324999552135,-82.43673275156615
2023-01-15 20:09:51.400000,766.8546752929688,4.1889753341674805,32.84244918823242,10.095138404313303,-82.72479706268749
2023-01-15 20:09:51.400000,928.629150390625,5.737508773803711,11.156553268432615,10.033746049123534,-82.4952100183571
2023-01-15 20:09:51.400000,893.3135986328125,4.264646530151367,4.400358200073242,10.098580576602997,-82.43195513167322
2023-01-15 20:09:51.400000,738.7725830078125,5.348771095275879,83.1549072265625,9.96880956819358,-83.60153708488824
2023-01-15 20:09:51.400000,712.25830078125,6.260063648223877,60.52827453613281,9.9721252382396,-83.30783765459555
2023-01-15 20:09:51.400000,780.0231323242188,3.3234424591064453,35.75068664550781,9.965144310914122,-82.76756196349345
2023-01-15 20:09:51.400000,928.629150390625,5.737400054931641,11.15750503540039,10.02909690709015,-82.49508026189196
2023-01-15 20:09:51.400000,928.629150390625,5.742764472961426,11.439148902893066,10.024391437501553,-82.48100784119164
2023-01-15 20:09:51.400000,738.7725830078125,5.354340076446533,83.12730407714844,9.964159606740312,-83.60138878653635
2023-01-15 20:09:51.400000,735.996337890625,6.275757312774658,59.48926162719727,9.94425114763149,-83.31164068402124
2023-01-15 20:09:51.400000,931.968505859375,5.161279201507568,81.42646789550781,9.879164629399169,-84.29945904137656
2023-01-15 20:09:51.400000,799.7891845703125,3.4949042797088623,14.440634727478027,9.788457526222183,-83.79644050209691
2023-01-15 20:09:51.400000,713.5512084960938,6.459922790527344,4.861149787902832,9.77463678765936,-82.757493106424
2023-01-15 20:09:51.400000,756.0228271484375,5.53708553314209,60.069854736328125,9.731094828769722,-84.43008845312049
2023-01-15 20:09:51.400000,823.7186889648438,3.6458194255828857,356.5013732910156,9.724792580264513,-83.0536461897905
2023-01-15 20:09:51.400000,721.5711669921875,3.5314881801605225,49.65018844604492,9.705216205329116,-82.81130739412313
2023-01-15 20:09:51.400000,821.4478149414062,5.52171516418457,337.6154479980469,9.66921537952422,-83.08459306329632
2023-01-15 20:09:51.400000,752.5912475585938,4.588780403137207,324.5516052246094,9.643869636032862,-82.55880803558954
2023-01-15 20:09:51.400000,833.0262451171875,3.631557703018189,319.3360595703125,9.662051776266184,-82.46183163670617
2023-01-15 20:09:51.400000,788.5609741210938,3.94647479057312,331.47515869140625,9.615450866242291,-82.40955566877221
2023-01-15 20:09:51.400000,783.7935180664062,9.30620288848877,57.1872444152832,9.579878072168365,-84.84158987586862
2023-01-15 20:09:51.400000,760.2990112304688,7.865993022918701,57.876861572265625,9.560876500857338,-84.75660013191677
2023-01-15 20:09:51.400000,773.47314453125,6.154888153076172,57.30003356933594,9.56829750131038,-84.37781047445198
2023-01-15 20:09:51.400000,775.4619140625,4.062099933624268,305.6571350097656,9.546167372377155,-82.48658447350638
2023-01-15 20:09:51.400000,790.05126953125,3.553853750228882,312.1279296875,9.545971341619405,-82.43555427280907
2023-01-15 20:09:51.400000,815.5286865234375,3.9540741443634033,331.3482666015625,9.610811108405208,-82.40943308062172
2023-01-15 20:09:51.400000,804.3178100585938,11.088074684143066,68.32967376708984,9.547941221858084,-84.95294639169899
2023-01-15 20:09:51.400000,795.1732788085938,8.17959213256836,46.87044906616211,9.505041844356075,-84.73125204278544
2023-01-15 20:09:51.400000,773.47314453125,6.1486992835998535,57.200077056884766,9.549816477137764,-84.3958949456001
2023-01-15 20:09:51.400000,775.4619140625,4.035488128662109,305.773681640625,9.54154683499587,-82.49110103688517
2023-01-15 20:09:51.400000,804.272216796875,3.5563511848449707,313.20684814453125,9.527347876965496,-82.41651348059288
2023-01-15 20:09:51.400000,804.272216796875,3.568246841430664,313.7275390625,9.53195050864704,-82.4073589594276
2023-01-15 20:09:51.400000,863.4556884765625,6.88795804977417,28.39779090881348,9.48187700787879,-84.7398180310131
2023-01-15 20:09:51.400000,795.1732788085938,8.167678833007812,46.82814407348633,9.481784084015764,-84.72108776520761
2023-01-15 20:09:51.400000,762.6529541015625,6.097575664520264,37.96061325073242,9.433758940820807,-84.38736682948158
2023-01-15 20:09:51.400000,744.989013671875,3.2557029724121094,33.31005096435547,9.41386467637203,-84.10182992504632
2023-01-15 20:09:51.400000,857.7989501953125,3.161367893218994,326.45904541015625,9.448412408007414,-82.38663742201838
2023-01-15 20:09:51.400000,822.68701171875,3.8813066482543945,332.2865600585937,9.47138543621722,-82.33160391205078
2023-01-15 20:09:51.400000,740.099609375,5.03541898727417,46.16053771972656,9.405521980236658,-84.30233804749513
2023-01-15 20:09:51.400000,744.989013671875,3.2556796073913574,33.311134338378906,9.409225656215318,-84.10168202590569
2023-01-15 20:09:51.400000,728.3241577148438,3.783376455307007,25.03086853027344,9.385946278697045,-84.08227477072472
2023-01-15 20:09:51.400000,791.7788696289062,6.477480411529541,36.69596481323242,9.289373544718057,-84.25655844288629
2023-01-15 20:09:51.400000,755.700927734375,6.427498817443848,67.57855987548828,9.283903132593451,-84.07439128571407
2023-01-15 20:09:51.400000,793.46044921875,4.032584190368652,8.25432014465332,9.248668469104272,-83.435198808141
2023-01-15 20:09:51.400000,857.2472534179688,6.861733436584473,34.83146667480469,9.197520439820057,-84.44039028732597
2023-01-15 20:09:51.400000,726.8837890625,6.319581508636475,39.73809051513672,9.086609356559087,-83.4491400212172
2023-01-15 20:09:51.400000,730.1062622070312,4.400688648223877,31.669649124145508,8.995687608248247,-83.8465916971567
2023-01-15 20:09:51.400000,734.4939575195312,3.11951231956482,5.314343452453613,9.036458523443738,-82.45492525118125
2023-01-15 20:09:51.400000,820.0794677734375,7.876919269561768,31.96072578430176,8.958060451200687,-83.70587639081967
2023-01-15 20:09:51.400000,727.1309814453125,6.068880558013916,14.722319602966309,8.922136895445366,-82.81800372483475
2023-01-15 20:09:51.400000,713.623779296875,3.249025821685791,17.75507354736328,8.85841733622873,-84.21046900462449
2023-01-15 20:09:51.400000,764.2509765625,7.126168251037598,36.4072151184082,8.921130445135303,-83.72806709833475
2023-01-15 20:09:51.400000,713.623779296875,4.210395812988281,19.694839477539062,8.849222992140117,-84.2241725773105
2023-01-15 20:09:51.400000,756.8369750976562,9.242732048034668,68.74301147460938,8.784892283177552,-84.32476952214351
2023-01-15 20:09:51.400000,737.8252563476562,6.653182506561279,40.61603546142578,8.661259035278214,-83.51159519721396
2023-01-15 20:09:51.400000,762.138671875,3.611008405685425,34.009666442871094,8.586855738655526,-84.50990970213284
2023-01-15 20:09:51.400000,769.8062133789062,5.990792751312256,36.99704360961914,8.642861769725407,-83.53431124573996
2023-01-15 20:09:51.400000,827.138427734375,4.161635875701904,11.675531387329102,8.592596487615214,-82.43950026846265
2023-01-15 20:09:51.400000,938.0604858398438,8.12092399597168,198.2852020263672,8.373113339627611,-84.22873371866896
2023-01-15 20:09:51.400000,783.9036254882812,6.657502174377441,53.52507019042969,8.426774073638017,-83.79778815297763
2023-01-15 20:09:51.400000,838.7669067382812,6.482006072998047,60.19413375854492,8.36753962414649,-83.99599276791744
2023-01-15 20:09:51.400000,767.7511596679688,7.286218166351318,56.184814453125,8.33957096943853,-83.93013756251688
2023-01-15 20:09:51.400000,743.5006103515625,6.380430221557617,45.19591522216797,8.311609193389106,-83.86431514821233
2023-01-15 20:09:51.400000,747.5297241210938,4.924573421478272,51.46978759765625,8.265630319078829,-83.90951604100654
2023-01-15 20:09:51.400000,749.96484375,7.671465396881103,38.78859329223633,8.255832621865856,-83.76527006567727
2023-01-15 20:09:51.400000,744.4532470703125,4.707671165466309,54.89983749389648,8.187538379480067,-84.00030694189526
2023-01-15 20:09:51.400000,742.0082397460938,4.898885726928711,58.49288558959961,8.228870951245833,-83.95032601635535
2023-01-15 20:09:51.400000,753.0834350585938,4.133627414703369,37.6469955444336,8.18680843072672,-83.81449090775305
2023-01-15 20:09:51.400000,746.8745727539062,6.74508810043335,38.58785629272461,8.181853148404512,-83.72615843624565
2023-01-15 20:09:51.400000,749.3624877929688,6.6618170738220215,34.16184997558594,8.177043472884732,-83.67498386031905
2023-01-15 20:09:51.400000,852.9364624023438,3.788341999053955,55.75771331787109,8.141468767008204,-84.0176345042983
2023-01-15 20:09:51.400000,791.0113525390625,3.5115737915039062,36.69417953491211,8.145373100854421,-83.83659668902692
2023-01-15 20:09:51.400000,733.1029052734375,4.990509986877441,44.649051666259766,8.158132104026333,-83.5538802527351
2023-01-15 20:09:51.400000,792.66796875,4.363170623779297,30.811309814453125,8.101892159710818,-83.31143877726872
2023-01-15 20:09:51.400000,733.6130981445312,5.86307430267334,28.241819381713867,8.151939655404659,-83.12281822866103
2023-01-15 20:09:51.400000,792.66796875,4.495931148529053,31.88982391357422,8.08795697359508,-83.2833008882034
2023-01-15 20:09:51.400000,830.2058715820312,8.4529447555542,23.27385902404785,8.064668629604581,-83.21789613088913
2023-01-15 20:09:51.400000,837.345703125,5.013054370880127,29.207136154174805,8.059647440382538,-83.10205387147613
2023-01-15 20:09:51.400000,814.4553833007812,4.950679779052734,11.913233757019045,7.962685162136687,-83.05346174677656
2023-01-15 20:09:51.400000,909.560302734375,3.787008762359619,256.77557373046875,7.91842896468637,-85.80217063144525
2023-01-15 20:09:51.400000,989.276123046875,5.889978885650635,250.4501342773437,7.950365664831826,-85.72357825089385
2023-01-15 20:09:51.400000,849.5128784179688,5.841465950012207,21.361909866333008,7.948859576950688,-83.05313339282974
2023-01-15 20:09:51.400000,864.0337524414062,8.314892768859863,6.094993114471436,7.939231385218975,-82.93267873643937
2023-01-15 21:09:51.400000,796.280029296875,11.999191284179688,57.12977600097656,11.27814660644051,-85.01071077355927
2023-01-15 21:09:51.400000,819.5975341796875,12.879037857055664,58.04615020751953,11.29662933130356,-84.96901204179687
2023-01-15 21:09:51.400000,752.0579223632812,15.133187294006348,97.1200180053711,11.155959106121305,-84.93482910096313
2023-01-15 21:09:51.400000,708.242919921875,14.892614364624023,92.5201416015625,11.061881553128268,-84.85082407247953
2023-01-15 21:09:51.400000,784.4341430664062,8.591084480285645,53.38584899902344,10.676161242183928,-83.48460862063817
2023-01-15 21:09:51.400000,770.4407348632812,10.144172668457031,45.81857681274414,10.269162807030286,-83.15387071998131
2023-01-15 21:09:51.400000,767.7850341796875,7.603365898132324,13.72563934326172,10.226559125191384,-82.99407920304279
2023-01-15 21:09:51.400000,892.7998657226562,3.532172203063965,4.034147262573242,10.234876394753888,-82.76611497519012
2023-01-15 21:09:51.400000,739.3443603515625,9.728168487548828,40.87569046020508,10.16404931985446,-83.5751429031118
2023-01-15 21:09:51.400000,906.5764770507812,5.04755449295044,24.5324821472168,10.14585706910277,-82.61926705336703
2023-01-15 21:09:51.400000,862.5964965820312,3.345509529113769,7.632205963134766,10.127153416932464,-82.59547643282079
2023-01-15 21:09:51.400000,829.179443359375,3.185577630996704,35.77193832397461,9.780640072359349,-83.08319472169299
2023-01-15 21:09:51.400000,773.15771484375,3.264064311981201,20.30634117126465,9.799120634363168,-83.06047055783311
2023-01-15 21:09:51.400000,798.8245239257812,11.196861267089844,76.80413055419922,9.705651745797775,-84.91168519333893
2023-01-15 21:09:51.400000,823.407958984375,3.052120923995972,22.62721824645996,9.747932448227926,-83.03571161907341
2023-01-15 21:09:51.400000,872.1690063476562,3.471531391143799,312.627197265625,9.715096479862138,-82.95569576413897
2023-01-15 21:09:51.400000,867.3843383789062,3.620610475540161,324.4874572753906,9.69951033869455,-82.54638947266965
2023-01-15 21:09:51.400000,796.0353393554688,7.350545883178711,340.33624267578125,9.708429711711249,-82.45379275778895
2023-01-15 21:09:51.400000,752.4310302734375,10.939789772033691,71.69123077392578,9.669133156351956,-85.0370152284777
2023-01-15 21:09:51.400000,741.0516357421875,6.713623046875,44.71833038330078,9.54046377176272,-84.3815566478088
2023-01-15 21:09:51.400000,724.6035766601562,4.740365982055664,24.129817962646484,9.482645612319471,-83.9267029068995
2023-01-15 21:09:51.400000,783.8212280273438,3.183415174484253,351.7366027832031,9.432942771302208,-84.21448765169131
2023-01-15 21:09:51.400000,716.3219604492188,3.149528980255127,339.51385498046875,9.408706307189991,-82.90524572867903
2023-01-15 21:09:51.400000,898.5341796875,9.525704383850098,87.4603500366211,9.396541898979851,-85.2993215354582
2023-01-15 21:09:51.400000,875.4375610351562,9.899611473083496,88.33079528808594,9.382447059927754,-85.26596336347247
2023-01-15 21:09:51.400000,778.7821044921875,8.314301490783691,59.93934631347656,9.408831735043362,-84.9808535958937
2023-01-15 21:09:51.400000,761.55615234375,10.391140937805176,52.76763153076172,9.407226648293182,-84.65770133670677
2023-01-15 21:09:51.400000,779.808837890625,10.455570220947266,41.20930099487305,9.41147969836133,-84.57831668741309
2023-01-15 21:09:51.400000,820.89111328125,8.28217601776123,39.40110778808594,9.355000896935667,-84.40814279097367
2023-01-15 21:09:51.400000,785.8706665039062,6.707183361053467,49.1587028503418,9.410404156996176,-84.35388799408517
2023-01-15 21:09:51.400000,752.0189208984375,6.11400318145752,28.0007381439209,9.354494917715575,-84.30068037105276
2023-01-15 21:09:51.400000,783.8212280273438,3.175358533859253,352.25177001953125,9.405040848680956,-84.19957841274542
2023-01-15 21:09:51.400000,739.6715087890625,3.555927991867065,328.705078125,9.374840710193226,-82.54236266681777
2023-01-15 21:09:51.400000,875.4375610351562,10.17945671081543,89.65418243408203,9.34539260920042,-85.27870969933552
2023-01-15 21:09:51.400000,802.5950927734375,9.263314247131348,56.09719467163086,9.276357417752877,-84.4476230109794
2023-01-15 21:09:51.400000,814.6488037109375,5.594995975494385,46.498653411865234,9.322247749411655,-84.34634141538321
2023-01-15 21:09:51.400000,718.85986328125,3.406161308288574,42.15206527709961,9.311999432574671,-84.13592710060492
2023-01-15 21:09:51.400000,754.4899291992188,3.440533399581909,16.190479278564453,9.311132727433897,-83.9446628647803
2023-01-15 21:09:51.400000,766.8137817382812,9.644112586975098,43.977760314941406,9.272076376633766,-83.49170539734205
2023-01-15 21:09:51.400000,810.6016845703125,6.589184284210205,53.16010284423828,9.26730426523064,-84.49405428265999
2023-01-15 21:09:51.400000,813.7306518554688,7.011843204498291,52.23487091064453,9.271764527161652,-84.45681780593605
2023-01-15 21:09:51.400000,725.6512451171875,4.459176540374756,48.28154754638672,9.263746090681565,-83.71023664071184
2023-01-15 21:09:51.400000,739.7933349609375,5.576107501983643,37.62013626098633,9.163204977653672,-84.02867379846947
2023-01-15 21:09:51.400000,714.7301025390625,3.5214385986328125,30.61758041381836,9.067897027275349,-84.46424457412245
2023-01-15 21:09:51.400000,817.1962280273438,3.3423430919647217,11.716132164001465,8.629712478851,-82.48662688835113
2023-01-15 21:09:51.400000,817.1962280273438,4.361021995544434,7.457794666290283,8.629583815846923,-82.44962671443825
2023-01-15 21:09:51.400000,815.3338623046875,4.331079006195068,5.7916693687438965,8.468550452161205,-82.62151792860699
2023-01-15 21:09:51.400000,815.3338623046875,4.263994693756104,18.244016647338867,8.450018784402262,-82.60257728382929
2023-01-15 21:09:51.400000,744.1825561523438,6.033596038818359,56.50871276855469,8.191914050108267,-83.94002566259141
2023-01-15 21:09:51.400000,771.4646606445312,3.920263767242432,10.735692977905272,8.196909470362016,-82.79540739236504
2023-01-15 21:09:51.400000,796.1183471679688,4.60473108291626,16.516952514648438,8.178397238092705,-82.77647485902907
2023-01-15 21:09:51.400000,771.4646606445312,5.72498083114624,350.4120178222656,8.155354268361089,-82.78055580706726
2023-01-15 21:09:51.400000,777.1355590820312,4.128291130065918,29.738832473754883,8.035063808437297,-83.93580043844905
2023-01-15 21:09:51.400000,764.4085693359375,4.446448802947998,59.16583251953125,8.04221571655812,-83.38406575646815
2023-01-15 21:09:51.400000,764.4085693359375,4.420732021331787,62.49687957763672,8.023706250786695,-83.36507427587037
2023-01-15 21:09:51.400000,786.830810546875,4.5641632080078125,28.335569381713867,7.979320220967704,-83.82756402430543
2023-01-15 21:09:51.400000,750.0323486328125,6.554743766784668,39.1171989440918,7.997499495317195,-83.7584397501778
2023-01-15 21:09:51.400000,919.3570556640624,5.72041130065918,15.335816383361816,7.952789591677452,-82.85441294022046
2023-01-15 21:09:51.400000,782.7244262695312,5.601756572723389,44.3065185546875,7.909668385538316,-83.69124410693162
2023-01-15 21:09:51.400000,892.4741821289062,6.9561767578125,39.50379943847656,7.903324689897977,-83.2093439410434
2023-01-15 21:09:51.400000,892.4741821289062,6.956184387207031,39.50282669067383,7.907900270505515,-83.20019897881357
2023-01-15 22:09:51.400000,783.9907836914062,16.29591178894043,89.23570251464844,11.06719905388656,-84.95945406746594
2023-01-15 22:09:51.400000,752.986328125,5.785665988922119,7.921649932861328,10.22277714821398,-83.18973040423926
2023-01-15 22:09:51.400000,820.7569580078125,4.663327217102051,348.1958312988281,9.97411234636029,-82.68876446657485
2023-01-15 22:09:51.400000,722.382568359375,9.46007251739502,72.4223861694336,9.741868809840025,-84.7254667179454
2023-01-15 22:09:51.400000,882.97265625,4.02473783493042,326.9121398925781,9.685457314935368,-82.51351353495997
2023-01-15 22:09:51.400000,741.70458984375,9.126981735229492,67.75257873535156,9.668259756276688,-84.86815063482929
2023-01-15 22:09:51.400000,882.97265625,4.024397373199463,326.9132080078125,9.671515022760929,-82.50849582849582
2023-01-15 22:09:51.400000,859.7843017578125,5.741464138031006,87.21243286132812,9.597334568032824,-85.51342498822915
2023-01-15 22:09:51.400000,753.0305786132812,10.082767486572266,50.58846664428711,9.560735740082118,-84.72849532248587
2023-01-15 22:09:51.400000,864.2776489257812,9.481999397277832,53.27012252807617,9.423857766921127,-85.19707172256686
2023-01-15 22:09:51.400000,745.7536010742188,8.48920726776123,51.55029678344727,9.454892183572596,-84.91217813449978
2023-01-15 22:09:51.400000,738.6100463867188,7.009757518768311,50.33388900756836,9.45795459312514,-84.59391645174563
2023-01-15 22:09:51.400000,701.9507446289062,4.138598918914795,47.29341506958008,9.330249547773608,-84.07118262456481
2023-01-15 22:09:51.400000,741.3396606445312,4.977480888366699,344.57000732421875,9.31424555033879,-82.44806903891445
2023-01-15 22:09:51.400000,759.4946899414062,4.786242485046387,352.9678039550781,9.267657842517291,-82.37737309424651
2023-01-15 22:09:51.400000,712.9431762695312,3.198911190032959,44.65346145629883,9.228612464569643,-84.14729450823776
2023-01-15 22:09:51.400000,767.492431640625,4.299230098724365,58.84676742553711,9.241907718527427,-84.01245547839233
2023-01-15 22:09:51.400000,739.772216796875,6.058466911315918,358.42791748046875,9.177231456920827,-84.05707937761754
2023-01-15 22:09:51.400000,838.5486450195312,3.851877450942993,21.144445419311523,8.994322719678694,-84.57864058236461
2023-01-15 22:09:51.400000,756.840576171875,4.605479717254639,54.45957946777344,8.949983498195135,-82.84190354394546
2023-01-15 22:09:51.400000,783.7149047851562,5.025201320648193,54.982547760009766,8.738772374586468,-84.35599992076601
2023-01-15 22:09:51.400000,935.4556884765624,4.288714408874512,205.1647491455078,8.650834707582565,-84.33935678534469
2023-01-15 22:09:51.400000,955.6551513671876,7.35134744644165,217.97784423828125,8.591071135306604,-84.41679331187026
2023-01-15 22:09:51.400000,935.4556884765624,4.288595199584961,205.1678466796875,8.636982731454234,-84.34360104923338
2023-01-15 22:09:51.400000,776.7034912109375,3.1866493225097656,39.21442031860352,8.5927244091847,-82.47649473821778
2023-01-15 22:09:51.400000,776.7034912109375,3.2661283016204834,38.87675094604492,8.57883544554463,-82.46691650090354
2023-01-15 22:09:51.400000,955.6551513671876,7.356333255767822,217.6605529785156,8.572497963522334,-84.39759186522323
2023-01-15 22:09:51.400000,746.0327758789062,5.576704025268555,30.81423759460449,8.342549850487778,-83.51231524885112
2023-01-15 22:09:51.400000,804.4972534179688,4.552882671356201,54.38962173461914,8.103128035067282,-83.64521339745288
2023-01-15 22:09:51.400000,727.09228515625,4.5687174797058105,22.902040481567383,8.122762096173998,-82.68735114615987
2023-01-15 22:09:51.400000,803.9682006835938,4.6840691566467285,55.02934265136719,8.084609277362608,-83.62617998707873
2023-01-15 22:09:51.400000,816.9957275390625,4.360941886901856,10.14573097229004,8.039874011417197,-82.71316539040902
